,,,SITE,,,,,,,,,,,,,,,,ARCHITECTURE,,,,,,,,,,,,,,,,,,,,,,,,,,,,,,,,,,,,,,,,,,,POPULACE,,,,,,,,,,,,,,,,,,,,,,,,,,,,,,,,,,,,,,,
,,,ORIGIN,,,GEOGRAPHY,,,VULNERABILITY,,,,,,,,,,INFRASTRUCTURE,,,,,,,,,,,,,,,,,,,,,,,,,PHYSICAL NATURE,,,,,,,,,,,,,DENSITY,,,,,QUALITY OF LIFE,,,,,,,,,,,ECONOMY,,,,,,DEMOGRAPHY,,,,,,,,,,,,,,,,,,,,,,
Settlements,COUNTRY,GEOLOCATION,CAUSES,GEOLOCATION,POPULATION,TOPOGRAPHY,WITHIN CITIES,CLIMATE,WEATHER,,SECURITY,PREVALENCE,,,,,,,ENERGY,,,,,WATER,,,,,,CONNECTIVITY,,MOBILITY,,,,,,,,,,,LINKS,HOUSE QUALITY,,,MATERIALS,,,,,,,,DEVELOPMENT STATE,LINKS ,ELEVATION (floors),,,RATIO,HOUSEHOLD PER HOUSE SIZE,DIGNITY,,,HEALTH,,,EMOTIONAL STATE,,,,,JOBS,,OWNERSHIP,,,CITY DEPENDANT,DIVERSITY,,,,,,,,,,,,,,,,,,,,,,
,,,,,,,,,Climate change,Natural disasters,Crime rate,MACRO,URBAN ,PLAN,REG,INFRAS,ARMCON,GOVERN,Access to gas,,,,Access to electricity,Access to drinking water,,Access to sanitation,,Sewage system,,Access to internet,Access to TV,Road,,,,,,,,Public Transportation,,Amenities,,Inadequate,Suitable,Optimal,Tarpaulin,Tiles,Corrugated sheet,Wood,Mud,Brick,Concrete,Others,,,<1,5-Feb,>5,,,Access to food,Dressing,Vandalism,Well-being,Incidence of diseases,Mortality,Economic condition,Access to education,Access to health and social care,Recreation and leisure,House quality,Unemployment rate,Employment in the formal sector,Owned,Rented,Others,,Gender,,Age groups,,,,,,Ethnic and racial categories,,,,,Income,Exploration,Social class,,,,,,,
,,,,,,,,,,,,,,,,,,,Access to gas,Type of fuel,,,,Individual drinking tap,Access to public tap or other sources,Toilet at home,Shared toilet access,Sewer connection,Garbage management,,,Quality ,,,Size of the road,,,Name of the road,Google street view,Stops,Proximity to PT,Proximity to amenities,,,,,,,,,,,,,,,,,,,,,,,,,,,,,,,,,,,,,Female,Male,5-Jan,12-Jun,13-18,19-30,31-50,>50,American Indian or Alaskan Native,Asian,Black or African American,Hispanic or Latino,Native Hawaiian or Other Pacific Islander,,,Caste,,,Upper,Middle,Working,Lower,Other
,,,,,,,,,,,,,,,,,,,,Gas,Wood,Coal,,,,,,,,,,Paved,Compacted,Not paved,Pedestrian,Bike/Moto,Car,,,,,,,,,,,,,,,,,,,,,,,,,,,,,,,,,,,,,,,,,,,,,,,,,,,,,,,,,OBC,SC+ST,Others,,,,,
"Katanga-Gbetsogbo, Lome",Togo,,Squatting,Africa,"30,000",Coastal,Squating on the fringe ,Tropical (Type A),Raise of sea level,Flooding,Robbery,,,,,,,,,,Low,Medium,Low,,,,x,,,x,,,,x,,,,,,,,,,x,,,,,,,,,,x,Initial occupancy,https://www.youtube.com/watch?v=fAgMQ8zgOsk,x,,,,,,,x,,x,x,,,,,,,,,,,yes,x,x,,,,,,,,,x,,,,,,,,,,,x,
"Ezbet el-Haggana, Cairo",Egypt,"30°02'05.8""N 31°16'29.7""E",Squatting,Africa,"1,000,000",Dessert,Squating on the fringe ,Arid (Type B),,regular flooding of Tahrir street,,,,,,,,,,,,,,x,,,x,,,x,x,,x,,,x,enough for car and small delivery truck,x,x,,there are transportation stations for mobility between el Haggana and the city.,x,"https://studentprojectegypt.wordpress.com/case-detail/
https://studentprojectegypt.wordpress.com/result-detail/",low,high,,,,,yes,,yes,,,Established,https://mnhd.com/csr_entries/ezzbet-el-haggana/,5,,,,,,,,,"One of the biggest threats to inhabitants’ health is the high voltage cables running over the area, classified by the Informal Settlement Development Fund as a class B health risk.",,,,,,,,,,,,,,,,,,,,,,,,,,,,,,,,,,dominant garbage collecter,
"Manshiyat Naser, Cairo",Egypt,"30°02'12.8""N 31°16'31.9""E",,Africa,"262,050",Dessert,Squating on the fringe ,Arid (Type B),,,,,,,,,,,,,,,Low,,,,,low,Collected and recycled by local workers,,,,,,30,20,50,x,x,,,,https://en.wikipedia.org/wiki/Manshiyat_Naser,,,,,,,,,,,,Established,https://www.globotreks.com/destinations/egypt/garbage-city-cairo/,,,,,,,,,,60% of inhabitant are infectet by Hepatitis B and C ​,,Sorting and Selling garbages,,,,,,The economic system in the Garbage City is classified as the informal sector. Most families typically have worked in the same area and type of specialization in the garbage piles and continue to make enough money to support themselves.,,,,yes,,,,,,,,,,,,,,,,,,,,,,,
"Deir El Nahya (Sudan Nest), Cairo",Egypt,,,,,,,,,,,,,,,,,,,,,,,,,,,,,,,,,,,,,,,,,,,,,,,,,,,,,,,,,,,,,,,,,,,,,,,,,,,,,,,,,,,,,,,,,,,,,,,,,,,,
"Bahr al-Bakkar, Cairo",Egypt,,,,,,,,,,,,,,,,,,,,,,,,,,,,,,,,,,,,,,,,,,,,,,,,,,,,,,,,,,,,,,,,,,,,,,,,,,,,,,,,,,,,,,,,,,,,,,,,,,,,
"Ramlet Boulak, Cairo",Egypt,,,,,,,,,,,,,,,,,,,,,,,,,,,,,,,,,,,,,,,,,,,,,,,,,,,,,,,,,,,,,,,,,,,,,,,,,,,,,,,,,,,,,,,,,,,,,,,,,,,,
"Cockle Bay, Freetown",Sierra Leone,"8°28'48.0""N 13°16'27.5""W",Refugee Camp,Africa,540,Coastal,Old city slum,Tropical (Type A),heavy rains and sea level rise,high rate of flooding,,,,,,,,,,,,90.00%,60,50%,-%,20%,70%,0%,"sea, burried or drains",,,,,x,30,50,20,,,,,,,90%,10%,0%,,,,,25,25,,panbody,,,100,,,,15-Oct,June to August 45% of population no access sufficient food,,,,Malaria and typhoid,,"fishing, trading, mining, sex work, masonry",,,,,,,,,,,,,,,,,,,,,,,,,,,,,,,,,
"Dwarzack, Freetown",Sierra Leone,"8°27'58.6""N 13°14'23.6""W",,Africa,"16,500",Mountain,In the heart of the city ,Tropical (Type A),limited water,,,,,,,,,,,,,90.00%,20,10%,70%,70%,70%,0%,"streams, buried or burnt",,,,,x,,,,,,,,,,90%,10%,0%,,,,,25,,,panbody,,,100,,,,10-May,June to August 45% of population no access sufficient food,,,,Malaria and typhoid,,"trading, labour, driving, masonery and carpentry",,,,,,,,,,,,,,,,,,,,,,,,,,,,,,,,,
"Moyiba, Freetown",Sierra Leone,"8°28'28.8""N 13°12'31.8""W",,Africa,"37,000",Mountain,,Tropical (Type A),,severe erosion during heavy rains,,,,,,,,,,,50.00%,50.00%,60,10%,40%,20%,70%,0%,"drains, burnt or buried",,,,,x,,,,,,,,,,90%,10%,0%,,,,,50,,,panbody,,,100,,,,6-May,June to August 45% of population no access sufficient food,,,,Malaria and typhoid,,"trading, stone mining, labor",,,,,,,,,,,,,,,,,,,,,,,,,,,,,,,,,
"Portee -Rokupa, Freetown",Sierra Leone,"8°27'48.9""N 13°10'19.5""W",Squatting,Africa,"6,000",Coastal,Squating on the fringe ,Tropical (Type A),high enviromental risk,,,,,,,,,,,,,90.00%,40,10%,40%,20%,70%,0%,sea or drains,,,,,x,,,,,,,,,,90%,10%,0%,,,,,50,,,panbody,,,100,,,,,June to August 45% of population no access sufficient food,,,,Malaria and typhoid,,trading and fishing,,,,,,,,,,,,,,,,,,,,,,,,,,,,,,,,,
"Congo Town, Freetown",Sierra Leone,"8°29'00.7""N 13°15'08.8""W",Squatting,Africa,"6,000",Coastal,Squating on the fringe ,Tropical (Type A),Heavy rains,,High,,,,,,,,,,,,Low,0%,100%,22%,78%,22%,,10%,,,,,,,,,,,,,,90%,10%,0%,,,,,,,,,Established,,100,,,"8,450",7-May,,half of the population ascertain that women and children normally dress in rags and appear to be malnourished.,,,"HIV/AIDS rate is prevalent and also other diseases like typhoid, malaria and fever.",,75% of the respondents lived in extreme poverty i.e. Below $1 dollar a day.,school enrolment system is very high,,,,high rate of unemployment among youths,,,,,,,,,,,,,,,,,,,,,,,,,,,,
"Kroo Bay, Freetown",Sierra Leone,"8°29'09.2""N 13°14'28.0""W",Squatting,Africa,"18,000",Coastal,Squating on the fringe ,Tropical (Type A),Heavy rains,Floods,"high level of crime rate, prostitution, teenage pregnancy and other domestic crimes.",,,,,,,,,,,,Low,0%,100%,0%,37%,,,10%,,,,,,,,,,,,,,,,,,,,,,,,community is dominated by zinc houses,Established,,100,,,,5,,half of the population ascertain that women and children normally dress in rags and appear to be malnourished.,,,"HIV/AIDS rate is prevalent and also other diseases like typhoid, malaria and fever.",,75% of the respondents lived in extreme poverty i.e. Below $1 dollar a day.,school enrolment system is very high,"medical health centres, traditional birth attendants and help from NGO‟S to the community",football field where all social activities and community meeting are normally held.,,,"fishing among men, petty trading among women, Okada riding and football among youth mainly boys, skill training and other activities such as; pot/stove making, plumbing, catering, soap making, tailoring etc are also common",,,,,,,,,,,,,,,,,,,,,,,,,,,"Temne, Shebro and Loko tribe are the dominant tribe at Kroo Bay followed by Fullah, Kroo, Susu, Limbas and other tribes in Sierra Leone."
"Susan's Bay, Freetown",Sierra Leone,"8°29'22.2""N 13°13'44.8""W",Squatting,Africa,"15,000",Coastal,Squating on the fringe ,Tropical (Type A),Heavy rains,Floods,,,,,,,,,,,,,Low,0%,100%,0%,37%,,,10%,,,,,,,,,,,,,,,,,,,,,,,,,Established,,100,,,,,,half of the population ascertain that women and children normally dress in rags and appear to be malnourished.,,,"HIV/AIDS rate is prevalent and also other diseases like typhoid, malaria and fever.",,75% of the respondents lived in extreme poverty i.e. Below $1 dollar a day.,school enrolment system is very high,,,,,"Charcoal production, wood selling and other petty trading",,,,,,,,,,,,,,,,,,,,,,,,,,,"most dominant inhabitant tribes found in this community are the Limba, fullah, Susu, Loko and Temnes who are mostly Islamic by religion."
"Mabella, Freetown",Sierra Leone,"8°29'28.0""N 13°13'38.3""W",Squatting,Africa,"10,000",Coastal,In the heart of the city ,Tropical (Type A),Heavy rains,Floods,violence rate is low due to the various sensitization programs held by stakeholders in the community and the law enforcing bodies.,,,,,,,,,,,,Low,0%,100%,0%,37%,,,10%,,,,,,,,,,,,,,,,,,,,,,,,"community have houses made of zinc, board and cement, but the dominant among them is the zinc houses.",Established,,100,,,,5,,half of the population ascertain that women and children normally dress in rags and appear to be malnourished.,,high teenage pregnancy rate and early marriages.,"HIV/AIDS rate is prevalent and also other diseases like typhoid, malaria and fever.",,75% of the respondents lived in extreme poverty i.e. Below $1 dollar a day.,school enrolment system is very high,"community health Centre.  functional health
service for under five children. ",,,80% unemployment rate,"petty trading, cookery, manual labour and football.",,,,,,,,,,,,,,,,,,,,,,,,,,,"There is a representation of all the ethnic groups of the country but Temne is the dominant among them. In this community, the religious groups found among the people are Islam and Christianity, dominated by Islam."
"One House, Freetown",Sierra Leone,,Squatting,Africa,,,,Tropical (Type A),,,,,,,,,,,,,,,,,,,,,,,,,,,,,,,,,,,,,,,,,,,,,,,,,,,,,,,,,,,,,,,,,,,,,,,,,,,,,,,,,,,,,,,,,,,,,
"Lower Bottom Oku, Freetown",Sierra Leone,"8°27'04.9""N 13°09'39.5""W",Squatting,Africa,,,,Tropical (Type A),,,,,,,,,,,,,,,,,,,,,,,,,,,,,,,,,,,,,,,,,,,,,,,,,,,,,,,,,,,,,,,,,,,,,,,,,,,,,,,,,,,,,,,,,,,,,
"Upper Jalloh Terrace, Freetown",Sierra Leone,,Squatting,Africa,,,,Tropical (Type A),,,,,,,,,,,,,,,,,,,,,,,,,,,,,,,,,,,,,,,,,,,,,,,,,,,,,,,,,,,,"teenage pregnancy/abortion, domestic violence and prostitution among young boys and girls",,,,,,,,,,,,,,,,,,,,,,,,,,,,,,,,,
"Crab town, Freetown",Sierra Leone,"8°29'00.8""N 13°15'01.7""W",Squatting,Africa,,,,Tropical (Type A),,,,,,,,,,,,,,,,,,,,,,,,,,,,,,,,,,,,,,,,,,,,,,,,,,,,,,,,,,,,,,,,,,,,,,,,,,,,,,,,,,,,,,,,,,,,,
"El Marg, Cairo",Egypt,"30°09'05.8""N 31°20'11.0""E",,Africa,,Valley,Along railway tracks ,Arid (Type B),,,,,,,,,,,,,,,,x,,x,,,,x,x,,x,,,,x,,,,x,,,,,,,,,,,,,,Established,,5,,,,,,,,,,,,,,,,,,,,,,,,,,,,,,,,,,,,,,,,,,,,
"Amui Djor, Ashiaman",Ghana,"5°41'39.7""N 0°01'50.9""W",,Africa,,Valley,In the heart of the city ,Tropical (Type A),,,,,,,,,,,,,,,,,x,,x,,,,x,,x,,,,x,,,,,x,https://www.ajol.info/index.php/gjg/article/view/154657,,,,,,,,,,,,Established,,2,,,,,,,,,,,,,,,,,,,,,,,,,,,,,,,,,,,,,,,,,,,,
Old Fadama,Ghana,"5°32'57.8""N 0°13'19.8""W",,Africa,,Coastal,Suburban industrial areas ,Tropical (Type A),,,,,,,,,,,,,,,,,x,,x,,,,,,x,,,x,,,,,,x,,,,,,,,,,,,,Established,,,,,,,,,,,,,,,,,,,,,,,,,,,,,,,,,,,,,,,,,,,,,,
Ashiaman municipal,Ghana,"5°41'39.7""N 0°01'50.9""W",,Africa,,,,Tropical (Type A),,,,,,,,,,,,,,,,,,,,,,,,,,,,,,,,,,,,,,,,,,,,,,,,,,,,,,,,,,,,,,,,,,,,,,,,,,,,,,,,,,,,,,,,,,,,,
"Jamestown/Usshertown, Accra",Ghana,"5°32'17.7""N 0°12'38.3""W",,Africa,,Coastal,Residential centres ,Tropical (Type A),,,,,,,,,,,,,,,,,,,,,,,x,x,,,,,x,x,,,,x,,,,,,,,,,,,,Established,,,,,,,,,,,,,,,,,,,,,,,,,,,,,,,,,,,,,,,,,,,,,,
New Takoradi,Ghana,"4°54'23.0""N 1°44'43.5""W",,Africa,,Coastal,Suburban industrial areas ,Tropical (Type A),,,,,,,,,,,,,,,,,x,,x,,,,x,,x,,,,x,x,x,,,x,,,,,,,,,,,,,Established,,1,,,,,,,,,,,,,,,,,,,,,,,,,,,,,,,,,,,,,,,,,,,,
Suame Magazine,Ghana,"6°43'21.8""N 1°38'29.1""W",,Africa,,Valley,In the heart of the city ,Tropical (Type A),,,,,,,,,,,,,,,,,,,x,,,,x,,x,,,,x,,,,,x,,,,,,,,,,,,,Established,,2,,,,,,,,,,,,,,,,,,,,,,,,,,,,,,,,,,,,,,,,,,,,
Nima,Ghana,"5°35'03.9""N 0°11'46.4""W",,Africa,,Valley,In the heart of the city ,Tropical (Type A),,,,,,,,,,,,,,,,,,,,,,,x,,x,,,,x,,,,,x,,,,,,,,,,,,,Established,,3,,,,,,,,,,,,,,,,,,,,,,,,,,,,,,,,,,,,,,,,,,,,
New slum. Nima II,Ghana,"5°35'10.2""N 0°11'21.7""W",,Africa,,Valley,In the heart of the city ,Tropical (Type A),,,,,,,,,,,,,,,,,,,,,,,x,,x,,,x,,,,,,x,,,,,,,,,,,,,Transitional,,1,,,,,,,,,,,,,,,,,,,,,,,,,,,,,,,,,,,,,,,,,,,,
Agbogbloshie,Ghana,"5°33'08.8""N 0°13'36.3""W",,Africa,,Valley,Suburban industrial areas ,Tropical (Type A),,,,,,,,,,,,,,,,,,,,,,,,,,x,,x,,,,,,x,,,,,,,,,,,,,Transitional,,1,,,,,,,,,,,,,,,,,,,,,,,,,,,,,,,,,,,,,,,,,,,,
New slum. Agbogbloshie II,Ghana,"5°32'53.0""N 0°13'21.0""W",,Africa,,Valley,Suburban industrial areas ,Tropical (Type A),,,,,,,,,,,,,,,,,,,,,,,x,,x,,,x,,,,,x,x,,,,,,,,,,,,,Transitional,,1,,,,,,,,,,,,,,,,,,,,,,,,,,,,,,,,,,,,,,,,,,,,
New slum. Agbogbloshie III,Ghana,"5°33'06.9""N 0°13'03.3""W",,Africa,,Valley,Suburban industrial areas ,Tropical (Type A),,,,,,,,,,,,,,,,,,,,,,,x,,x,,,,x,,,,x,x,,,,,,,,,,,,,Transitional,,1,,,,,,,,,,,,,,,,,,,,,,,,,,,,,,,,,,,,,,,,,,,,
Baba Ndogo,Kenya,"1°14'37.2""S 36°53'17.5""E",,Africa,,Valley,Suburban industrial areas ,Temperate (Type C),,,,,,,,,,,,,,,,x,,,x,,,x,x,,x,,,,x,,,,x,x,,,,,,,,,,,,,Established,,3,,,,,,,,,,,,,,,,,,,,,,,,,,,,,,,,,,,,,,,,,,,,
Dandora,Kenya,"1°15'09.3""S 36°53'59.0""E",,Africa,,Valley,Residential centres ,Temperate (Type C),,,,,,,,,,,,,,,,,x,,x,,,x,x,,x,,,,x,,x,,x,x,,,,,,,,,,,,,Established,,2,,,,,,,,,,,,,,,,,,,,,,,,,,,,,,,,,,,,,,,,,,,,
Gatwekera,Kenya,"1°18'53.7""S 36°46'56.1""E",,Africa,,Valley,Squating on the fringe ,Temperate (Type C),,,,,,,,,,,,,,,,,x,,x,,,x,x,,,x,x,,,,x,,,x,,,,,,,,,,,,,Established,,1,,,,,,,,,,,,,,,,,,,,,,,,,,,,,,,,,,,,,,,,,,,,
Huruma,Kenya,"1°15'28.0""S 36°52'13.6""E",,Africa,,Valley,Squating on the fringe ,Temperate (Type C),,,,,,,,,,,,,,,,x,,,x,,,x,x,,x,,,,x,,x,,x,x,,,,,,,,,,,,,Established,,2,,,,,,,,,,,,,,,,,,,,,,,,,,,,,,,,,,,,,,,,,,,,
Kambi Muru,Kenya,"1°18'41.0""S 36°47'14.7""E",,Africa,,,,,,,,,,,,,,,,,,,,,,,,,,,,,,,,,,,,,,,,,,,,,,,,,,,,,,,,,,,,,,,,,,,,,,,,,,,,,,,,,,,,,,,,,,,,,,,,,
Kangemi,Kenya,"1°16'19.4""S 36°44'38.1""E",,Africa,,,,,,,,,,,,,,,,,,,,,,,,,,,,,,,,,,,,,,,,,,,,,,,,,,,,,,,,,,,,,,,,,,,,,,,,,,,,,,,,,,,,,,,,,,,,,,,,,
Kawangware,Kenya,"1°17'02.5""S 36°45'08.8""E",,Africa,,,,,,,,,,,,,,,,,,,,,,,,,,,,,,,,,,,,,,,,,,,,,,,,,,,,,,,,,,,,,,,,,,,,,,,,,,,,,,,,,,,,,,,,,,,,,,,,,
Kiambu,Kenya,"1°10'07.4""S 36°49'40.1""E",,Africa,,,,,,,,,,,,,,,,,,,,,,,,,,,,,,,,,,,,,,,,,,,,,,,,,,,,,,,,,,,,,,,,,,,,,,,,,,,,,,,,,,,,,,,,,,,,,,,,,
Kianda (-Soweto West),Kenya,"1°18'41.1""S 36°46'24.7""E",,Africa,,,,,,,,,,,,,,,,,,,,,,,,,,,,,,,,,,,,,,,,,,,,,,,,,,,,,,,,,,,,,,,,,,,,,,,,,,,,,,,,,,,,,,,,,,,,,,,,,
Kibera,Kenya,"1°18'49.3""S 36°47'33.5""E",Refugee Camp,Africa,750000-1000000,Forest,Squating on the fringe ,Temperate (Type C),5 to 10 degrees Fahrenheit higher,Floods,Insecure,,,,,,,,,,,,,,x,,x,,,x,,x,,,,,x,,,x,,x,,,,,Corrugated sheet,,,,,,,,Established,,1,,,>1000000,7,yes,poor,Drugs and glue,,HIV high rates,Life expectancy 30,Investments in infrastructure,40%,,Slum of hope,,50%,,,Goverment ownership,,yes,,,,,,,,,,,99%,,,,,,,,,,,,
Kiamaiko,Kenya,"1°15'18.0""S 36°52'25.5""E",,Africa,,,,,,,,,,,,,,,,,,,,,,,,,,,,,,,,,,,,,,,,,,,,,,,,,,,,,,,,,,,,,,,,,,,,,,,,,,,,,,,,,,,,,,,,,,,,,,,,,
Kichinjio - Kichinjio is a part of Kibera slum in Nairobi,Kenya,"1°18'24.8""S 36°47'18.1""E",,Africa,,,,,,,,,,,,,,,,,,,,,,,,,,,,,,,,,,,,,,,,,,,,,,,,,,,,,,,,,,,,,,,,,,,,,,,,,,,,,,,,,,,,,,,,,,,,,,,,,
Kisumu Ndogo,Kenya,"1°15'17.6""S 36°53'15.7""E",,Africa,,,,,,,,,,,,,,,,,,,,,,,,,,,,,,,,,,,,,,,,,,,,,,,,,,,,,,,,,,,,,,,,,,,,,,,,,,,,,,,,,,,,,,,,,,,,,,,,,
Korogocho,Kenya,"1°15'11.5""S 36°53'16.0""E",,Africa,,,,,,,,,,,,,,,,,,,,,,,,,,,,,,,,,,,,,,,,,,,,,,,,,,,,,,,,,,,,,,,,,,,,,,,,,,,,,,,,,,,,,,,,,,,,,,,,,
Lindi,Kenya,"1°19'30.6""S 36°46'44.2""E",,Africa,,,,,,,,,,,,,,,,,,,,,,,,,,,,,,,,,,,,,,,,,,,,,,,,,,,,,,,,,,,,,,,,,,,,,,,,,,,,,,,,,,,,,,,,,,,,,,,,,
Laini Saba,Kenya,,,Africa,,,,,,,,,,,,,,,,,,,,,,,,,,,,,,,,,,,,,,,,,,,,,,,,,,,,,,,,,,,,,,,,,,,,,,,,,,,,,,,,,,,,,,,,,,,,,,,,,
Majengo / Pumwani,Kenya,"1°17'07.3""S 36°50'35.5""E",,Africa,,,,,,,,,,,,,,,,,,,,,,,,,,,,,,,,,,,,,,,,,,,,,,,,,,,,,,,,,,,,,,,,,,,,,,,,,,,,,,,,,,,,,,,,,,,,,,,,,
Makina,Kenya,"1°19'24.0""S 36°47'15.4""E",,Africa,,,,,,,,,,,,,,,,,,,,,,,,,,,,,,,,,,,,,,,,,,,,,,,,,,,,,,,,,,,,,,,,,,,,,,,,,,,,,,,,,,,,,,,,,,,,,,,,,
Makongeni,Kenya,"1°17'51.9""S 36°51'01.4""E",,Africa,,,,,,,,,,,,,,,,,,,,,,,,,,,,,,,,,,,,,,,,,,,,,,,,,,,,,,,,,,,,,,,,,,,,,,,,,,,,,,,,,,,,,,,,,,,,,,,,,
Mashimoni,Kenya,"1°18'43.7""S 36°47'24.3""E",,Africa,,,,,,,,,,,,,,,,,,,,,,,,,,,,,,,,,,,,,,,,,,,,,,,,,,,,,,,,,,,,,,,,,,,,,,,,,,,,,,,,,,,,,,,,,,,,,,,,,
Matopeni,Kenya,"1°15'48.6""S 36°55'36.9""E",,Africa,,,,,,,,,,,,,,,,,,,,,,,,,,,,,,,,,,,,,,,,,,,,,,,,,,,,,,,,,,,,,,,,,,,,,,,,,,,,,,,,,,,,,,,,,,,,,,,,,
Mathare Valley,Kenya,"1°15'37.1""S 36°51'41.6""E",,Africa,,,,,,,,,,,,,,,,,,,,,,,,,,,,,,,,,,,,,,,,,,,,,,,,,,,,,,,,,,,,,,,,,,,,,,,,,,,,,,,,,,,,,,,,,,,,,,,,,
Mugumoini - Mugumoini is a part of Kibera slum in Nairobi.,Kenya,"1°19'07.5""S 36°46'43.5""E",,Africa,,,,,,,,,,,,,,,,,,,,,,,,,,,,,,,,,,,,,,,,,,,,,,,,,,,,,,,,,,,,,,,,,,,,,,,,,,,,,,,,,,,,,,,,,,,,,,,,,
Mukuru,Kenya,"1°18'44.8""S 36°50'48.1""E",,Africa,,,,,,,,,,,,,,,,,,,,,,,,,,,,,,,,,,,,,,,,,,,,,,,,,,,,,,,,,,,,,,,,,,,,,,,,,,,,,,,,,,,,,,,,,,,,,,,,,
Nyalenda,Kenya,"0°06'57.2""S 34°45'56.6""E",,Africa,,,,,,,,,,,,,,,,,,,,,,,,,,,,,,,,,,,,,,,,,,,,,,,,,,,,,,,,,,,,,,,,,,,,,,,,,,,,,,,,,,,,,,,,,,,,,,,,,
Raila,Kenya,"1°19'01.2""S 36°46'35.2""E",,Africa,,,,,,,,,,,,,,,,,,,,,,,,,,,,,,,,,,,,,,,,,,,,,,,,,,,,,,,,,,,,,,,,,,,,,,,,,,,,,,,,,,,,,,,,,,,,,,,,,
Sarang'ombe,Kenya,"1°18'46.1""S 36°46'47.8""E",,Africa,,,,,,,,,,,,,,,,,,,,,,,,,,,,,,,,,,,,,,,,,,,,,,,,,,,,,,,,,,,,,,,,,,,,,,,,,,,,,,,,,,,,,,,,,,,,,,,,,
Silanga,Kenya,"1°18'38.3""S 36°47'15.4""E",,Africa,,,,,,,,,,,,,,,,,,,,,,,,,,,,,,,,,,,,,,,,,,,,,,,,,,,,,,,,,,,,,,,,,,,,,,,,,,,,,,,,,,,,,,,,,,,,,,,,,
Soweto East,Kenya,"1°18'46.8""S 36°47'52.1""E",,Africa,,,,,,,,,,,,,,,,,,,,,,,,,,,,,,,,,,,,,,,,,,,,,,,,,,,,,,,,,,,,,,,,,,,,,,,,,,,,,,,,,,,,,,,,,,,,,,,,,
Soweto West (- Kianda),Kenya,"1°18'55.5""S 36°47'59.3""E",,Africa,,,,,,,,,,,,,,,,,,,,,,,,,,,,,,,,,,,,,,,,,,,,,,,,,,,,,,,,,,,,,,,,,,,,,,,,,,,,,,,,,,,,,,,,,,,,,,,,,
Ziwa la Ng'ombe,Kenya,"4°01'37.1""S 39°41'58.1""E",,Africa,,,,,,,,,,,,,,,,,,,,,,,,,,,,,,,,,,,,,,,,,,,,,,,,,,,,,,,,,,,,,,,,,,,,,,,,,,,,,,,,,,,,,,,,,,,,,,,,,
Viwandani,Kenya,"1°18'41.6""S 36°52'25.8""E",,Africa,,,,,,,,,,,,,,,,,,,,,,,,,,,,,,,,,,,,,,,,,,,,,,,,,,,,,,,,,,,,,,,,,,,,,,,,,,,,,,,,,,,,,,,,,,,,,,,,,
Brewerville,Liberia,"6°25'10.8""N 10°47'21.0""W",,Africa,,,,,,,,,,,,,,,,,,,,,,,,,,,,,,,,,,,,,,,,,,,,,,,,,,,,,,,,,,,,,,,,,,,,,,,,,,,,,,,,,,,,,,,,,,,,,,,,,
"Clara Town, Bushrod Island",Liberia,"6°19'43.6""N 10°47'48.7""W",,Africa,,,,,,,,,,,,,,,,,,,,,,,,,,,,,,,,,,,,,,,,,,,,,,,,,,,,,,,,,,,,,,,,,,,,,,,,,,,,,,,,,,,,,,,,,,,,,,,,,
Logan Town,Liberia,"6°21'31.0""N 10°46'44.1""W",,Africa,,,,,,,,,,,,,,,,,,,,,,,,,,,,,,,,,,,,,,,,,,,,,,,,,,,,,,,,,,,,,,,,,,,,,,,,,,,,,,,,,,,,,,,,,,,,,,,,,
Sinkor,Liberia,"6°17'03.8""N 10°45'51.2""W",,Africa,,,,,,,,,,,,,,,,,,,,,,,,,,,,,,,,,,,,,,,,,,,,,,,,,,,,,,,,,,,,,,,,,,,,,,,,,,,,,,,,,,,,,,,,,,,,,,,,,
Slipway,Liberia,"6°18'58.3""N 10°47'57.5""W",,Africa,,,,,,,,,,,,,,,,,,,,,,,,,,,,,,,,,,,,,,,,,,,,,,,,,,,,,,,,,,,,,,,,,,,,,,,,,,,,,,,,,,,,,,,,,,,,,,,,,
Sonewein,Liberia,"6°21'04.0""N 10°47'02.9""W",,Africa,,,,,,,,,,,,,,,,,,,,,,,,,,,,,,,,,,,,,,,,,,,,,,,,,,,,,,,,,,,,,,,,,,,,,,,,,,,,,,,,,,,,,,,,,,,,,,,,,
South Beach Bay,Liberia,"6°18'39.6""N 10°48'09.2""W",,Africa,,,,,,,,,,,,,,,,,,,,,,,,,,,,,,,,,,,,,,,,,,,,,,,,,,,,,,,,,,,,,,,,,,,,,,,,,,,,,,,,,,,,,,,,,,,,,,,,,
West Point,Liberia,"6°19'38.8""N 10°48'23.5""W",,Africa,,,,,,,,,,,,,,,,,,,,,,,,,,,,,,,,,,,,,,,,,,,,,,,,,,,,,,,,,,,,,,,,,,,,,,,,,,,,,,,,,,,,,,,,,,,,,,,,,
"Arafat, Mauritania",Mauritania,"18°02'49.6""N 15°57'06.2""W",,Africa,,,,,,,,,,,,,,,,,,,,,,,,,,,,,,,,,,,,,,,,,,,,,,,,,,,,,,,,,,,,,,,,,,,,,,,,,,,,,,,,,,,,,,,,,,,,,,,,,
Dar-Naim,Mauritania,"18°06'40.6""N 15°55'27.4""W",,Africa,,,,,,,,,,,,,,,,,,,,,,,,,,,,,,,,,,,,,,,,,,,,,,,,,,,,,,,,,,,,,,,,,,,,,,,,,,,,,,,,,,,,,,,,,,,,,,,,,
"El Mina, Mauritania",Mauritania,"18°03'35.7""N 15°58'45.7""W",,Africa,,,,,,,,,,,,,,,,,,,,,,,,,,,,,,,,,,,,,,,,,,,,,,,,,,,,,,,,,,,,,,,,,,,,,,,,,,,,,,,,,,,,,,,,,,,,,,,,,
"Sebkha, Mauritania",Mauritania,"18°04'29.0""N 16°00'29.2""W",,Africa,,,,,,,,,,,,,,,,,,,,,,,,,,,,,,,,,,,,,,,,,,,,,,,,,,,,,,,,,,,,,,,,,,,,,,,,,,,,,,,,,,,,,,,,,,,,,,,,,
Toujouonine,Mauritania,"18°04'15.2""N 15°54'08.3""W",,Africa,,,,,,,,,,,,,,,,,,,,,,,,,,,,,,,,,,,,,,,,,,,,,,,,,,,,,,,,,,,,,,,,,,,,,,,,,,,,,,,,,,,,,,,,,,,,,,,,,
Tongashili,Namibia,"22°30'42.0""S 17°01'16.2""E",,Africa,,,,,,,,,,,,,,,,,,,,,,,,,,,,,,,,,,,,,,,,,,,,,,,,,,,,,,,,,,,,,,,,,,,,,,,,,,,,,,,,,,,,,,,,,,,,,,,,,
Freedomland,Namibia,"22°30'40.1""S 17°02'50.2""E",,Africa,,,,,,,,,,,,,,,,,,,,,,,,,,,,,,,,,,,,,,,,,,,,,,,,,,,,,,,,,,,,,,,,,,,,,,,,,,,,,,,,,,,,,,,,,,,,,,,,,
Freedomland A,Namibia,"22°30'39.2""S 17°02'42.5""E",,Africa,,,,,,,,,,,,,,,,,,,,,,,,,,,,,,,,,,,,,,,,,,,,,,,,,,,,,,,,,,,,,,,,,,,,,,,,,,,,,,,,,,,,,,,,,,,,,,,,,
Freedomland B,Namibia,"22°30'32.1""S 17°02'42.3""E",,Africa,,,,,,,,,,,,,,,,,,,,,,,,,,,,,,,,,,,,,,,,,,,,,,,,,,,,,,,,,,,,,,,,,,,,,,,,,,,,,,,,,,,,,,,,,,,,,,,,,
Goreangab,Namibia,"22°31'19.4""S 17°01'24.0""E",,Africa,,,,,,,,,,,,,,,,,,,,,,,,,,,,,,,,,,,,,,,,,,,,,,,,,,,,,,,,,,,,,,,,,,,,,,,,,,,,,,,,,,,,,,,,,,,,,,,,,
Kahumba ka Ndola (B),Namibia,"22°30'56.0""S 17°00'57.7""E",,Africa,,,,,,,,,,,,,,,,,,,,,,,,,,,,,,,,,,,,,,,,,,,,,,,,,,,,,,,,,,,,,,,,,,,,,,,,,,,,,,,,,,,,,,,,,,,,,,,,,
Okahandja Park,Namibia,"22°29'28.8""S 17°03'42.3""E",,Africa,,,,,,,,,,,,,,,,,,,,,,,,,,,,,,,,,,,,,,,,,,,,,,,,,,,,,,,,,,,,,,,,,,,,,,,,,,,,,,,,,,,,,,,,,,,,,,,,,
Okahandja Park A,Namibia,"22°29'55.9""S 17°03'26.0""E",,Africa,,,,,,,,,,,,,,,,,,,,,,,,,,,,,,,,,,,,,,,,,,,,,,,,,,,,,,,,,,,,,,,,,,,,,,,,,,,,,,,,,,,,,,,,,,,,,,,,,
Okahandja Park B,Namibia,"22°29'57.5""S 17°03'08.9""E",,Africa,,,,,,,,,,,,,,,,,,,,,,,,,,,,,,,,,,,,,,,,,,,,,,,,,,,,,,,,,,,,,,,,,,,,,,,,,,,,,,,,,,,,,,,,,,,,,,,,,
Okahandja Park C,Namibia,"22°29'51.5""S 17°03'17.6""E",,Africa,,,,,,,,,,,,,,,,,,,,,,,,,,,,,,,,,,,,,,,,,,,,,,,,,,,,,,,,,,,,,,,,,,,,,,,,,,,,,,,,,,,,,,,,,,,,,,,,,
Okandundu,Namibia,"22°30'13.0""S 17°03'12.8""E",,Africa,,,,,,,,,,,,,,,,,,,,,,,,,,,,,,,,,,,,,,,,,,,,,,,,,,,,,,,,,,,,,,,,,,,,,,,,,,,,,,,,,,,,,,,,,,,,,,,,,
Okantunda,Namibia,"22°30'08.6""S 17°03'03.7""E",,Africa,,,,,,,,,,,,,,,,,,,,,,,,,,,,,,,,,,,,,,,,,,,,,,,,,,,,,,,,,,,,,,,,,,,,,,,,,,,,,,,,,,,,,,,,,,,,,,,,,
Okuryangava,Namibia,"22°30'19.5""S 17°03'08.2""E",,Africa,,,,,,,,,,,,,,,,,,,,,,,,,,,,,,,,,,,,,,,,,,,,,,,,,,,,,,,,,,,,,,,,,,,,,,,,,,,,,,,,,,,,,,,,,,,,,,,,,
One Nation N° 1,Namibia,"22°29'50.1""S 17°03'02.9""E",,Africa,,,,,,,,,,,,,,,,,,,,,,,,,,,,,,,,,,,,,,,,,,,,,,,,,,,,,,,,,,,,,,,,,,,,,,,,,,,,,,,,,,,,,,,,,,,,,,,,,
One Nation N° 2,Namibia,"22°29'50.3""S 17°02'44.8""E",,Africa,,,,,,,,,,,,,,,,,,,,,,,,,,,,,,,,,,,,,,,,,,,,,,,,,,,,,,,,,,,,,,,,,,,,,,,,,,,,,,,,,,,,,,,,,,,,,,,,,
Ongulumbashe N° 1,Namibia,"22°29'47.6""S 17°03'12.6""E",,Africa,,,,,,,,,,,,,,,,,,,,,,,,,,,,,,,,,,,,,,,,,,,,,,,,,,,,,,,,,,,,,,,,,,,,,,,,,,,,,,,,,,,,,,,,,,,,,,,,,
Ongulumbashe N° 2,Namibia,"22°29'45.8""S 17°03'27.0""E",,Africa,,,,,,,,,,,,,,,,,,,,,,,,,,,,,,,,,,,,,,,,,,,,,,,,,,,,,,,,,,,,,,,,,,,,,,,,,,,,,,,,,,,,,,,,,,,,,,,,,
Onyika,Namibia,"22°30'15.9""S 17°03'30.1""E",,Africa,,,,,,,,,,,,,,,,,,,,,,,,,,,,,,,,,,,,,,,,,,,,,,,,,,,,,,,,,,,,,,,,,,,,,,,,,,,,,,,,,,,,,,,,,,,,,,,,,
Kilimanjaro,Namibia,"22°29'12.7""S 17°03'25.0""E",,Africa,,,,,,,,,,,,,,,,,,,,,,,,,,,,,,,,,,,,,,,,,,,,,,,,,,,,,,,,,,,,,,,,,,,,,,,,,,,,,,,,,,,,,,,,,,,,,,,,,
Babylon,Namibia,"22°29'41.7""S 17°03'19.1""E",,Africa,,,,,,,,,,,,,,,,,,,,,,,,,,,,,,,,,,,,,,,,,,,,,,,,,,,,,,,,,,,,,,,,,,,,,,,,,,,,,,,,,,,,,,,,,,,,,,,,,
Eudafano,Namibia,"22°30'19.4""S 17°02'22.6""E",,Africa,,,,,,,,,,,,,,,,,,,,,,,,,,,,,,,,,,,,,,,,,,,,,,,,,,,,,,,,,,,,,,,,,,,,,,,,,,,,,,,,,,,,,,,,,,,,,,,,,
Ondelitotera,Namibia,"22°30'08.1""S 17°02'30.9""E",,Africa,,,,,,,,,,,,,,,,,,,,,,,,,,,,,,,,,,,,,,,,,,,,,,,,,,,,,,,,,,,,,,,,,,,,,,,,,,,,,,,,,,,,,,,,,,,,,,,,,
Jonas Haiduwa,Namibia,"22°30'14.1""S 17°02'37.7""E",,Africa,,,,,,,,,,,,,,,,,,,,,,,,,,,,,,,,,,,,,,,,,,,,,,,,,,,,,,,,,,,,,,,,,,,,,,,,,,,,,,,,,,,,,,,,,,,,,,,,,
Epandulu,Namibia,"22°30'05.7""S 17°02'47.6""E",,Africa,,,,,,,,,,,,,,,,,,,,,,,,,,,,,,,,,,,,,,,,,,,,,,,,,,,,,,,,,,,,,,,,,,,,,,,,,,,,,,,,,,,,,,,,,,,,,,,,,
Joshe Nepando,Namibia,"22°30'19.4""S 17°02'34.9""E",,Africa,,,,,,,,,,,,,,,,,,,,,,,,,,,,,,,,,,,,,,,,,,,,,,,,,,,,,,,,,,,,,,,,,,,,,,,,,,,,,,,,,,,,,,,,,,,,,,,,,
Onheleiwa,Namibia,"22°30'08.5""S 17°02'54.3""E",,Africa,,,,,,,,,,,,,,,,,,,,,,,,,,,,,,,,,,,,,,,,,,,,,,,,,,,,,,,,,,,,,,,,,,,,,,,,,,,,,,,,,,,,,,,,,,,,,,,,,
Ombili nº1,Namibia,"22°30'21.9""S 17°02'51.6""E",,Africa,,,,,,,,,,,,,,,,,,,,,,,,,,,,,,,,,,,,,,,,,,,,,,,,,,,,,,,,,,,,,,,,,,,,,,,,,,,,,,,,,,,,,,,,,,,,,,,,,
Omuthiya,Namibia,"22°30'21.7""S 17°03'12.8""E",,Africa,,,,,,,,,,,,,,,,,,,,,,,,,,,,,,,,,,,,,,,,,,,,,,,,,,,,,,,,,,,,,,,,,,,,,,,,,,,,,,,,,,,,,,,,,,,,,,,,,
Omuramba,Namibia,"22°30'36.0""S 17°03'11.8""E",,Africa,,,,,,,,,,,,,,,,,,,,,,,,,,,,,,,,,,,,,,,,,,,,,,,,,,,,,,,,,,,,,,,,,,,,,,,,,,,,,,,,,,,,,,,,,,,,,,,,,
Nangolo,Namibia,"22°30'09.8""S 17°03'21.7""E",,Africa,,,,,,,,,,,,,,,,,,,,,,,,,,,,,,,,,,,,,,,,,,,,,,,,,,,,,,,,,,,,,,,,,,,,,,,,,,,,,,,,,,,,,,,,,,,,,,,,,
Onghuuo Ye Pongo,Namibia,"22°30'14.8""S 17°03'23.8""E",,Africa,,,,,,,,,,,,,,,,,,,,,,,,,,,,,,,,,,,,,,,,,,,,,,,,,,,,,,,,,,,,,,,,,,,,,,,,,,,,,,,,,,,,,,,,,,,,,,,,,
Onghuuo Ye Pongo nº2,Namibia,"22°30'19.3""S 17°03'19.4""E",,Africa,,,,,,,,,,,,,,,,,,,,,,,,,,,,,,,,,,,,,,,,,,,,,,,,,,,,,,,,,,,,,,,,,,,,,,,,,,,,,,,,,,,,,,,,,,,,,,,,,
Odululuka,Namibia,"22°30'05.3""S 17°03'29.4""E",,Africa,,,,,,,,,,,,,,,,,,,,,,,,,,,,,,,,,,,,,,,,,,,,,,,,,,,,,,,,,,,,,,,,,,,,,,,,,,,,,,,,,,,,,,,,,,,,,,,,,
Havana nº1,Namibia,"22°30'36.0""S 17°01'40.7""E",,Africa,,,,,,,,,,,,,,,,,,,,,,,,,,,,,,,,,,,,,,,,,,,,,,,,,,,,,,,,,,,,,,,,,,,,,,,,,,,,,,,,,,,,,,,,,,,,,,,,,
Havana nº2,Namibia,"22°30'37.9""S 17°01'27.4""E",,Africa,,,,,,,,,,,,,,,,,,,,,,,,,,,,,,,,,,,,,,,,,,,,,,,,,,,,,,,,,,,,,,,,,,,,,,,,,,,,,,,,,,,,,,,,,,,,,,,,,
Havana nº3,Namibia,"22°30'22.5""S 17°01'50.1""E",,Africa,,,,,,,,,,,,,,,,,,,,,,,,,,,,,,,,,,,,,,,,,,,,,,,,,,,,,,,,,,,,,,,,,,,,,,,,,,,,,,,,,,,,,,,,,,,,,,,,,
Oneleyafewa,Namibia,"22°30'44.8""S 17°01'37.1""E",,Africa,,,,,,,,,,,,,,,,,,,,,,,,,,,,,,,,,,,,,,,,,,,,,,,,,,,,,,,,,,,,,,,,,,,,,,,,,,,,,,,,,,,,,,,,,,,,,,,,,
Kahumba Ka Ndola A,Namibia,"22°30'54.5""S 17°00'55.0""E",,Africa,,,,,,,,,,,,,,,,,,,,,,,,,,,,,,,,,,,,,,,,,,,,,,,,,,,,,,,,,,,,,,,,,,,,,,,,,,,,,,,,,,,,,,,,,,,,,,,,,
Greenwell Matongo A,Namibia,"22°30'57.7""S 17°01'25.0""E",,Africa,,,,,,,,,,,,,,,,,,,,,,,,,,,,,,,,,,,,,,,,,,,,,,,,,,,,,,,,,,,,,,,,,,,,,,,,,,,,,,,,,,,,,,,,,,,,,,,,,
Greenwell Matongo,Namibia,"22°31'05.0""S 17°01'22.9""E",,Africa,,,,,,,,,,,,,,,,,,,,,,,,,,,,,,,,,,,,,,,,,,,,,,,,,,,,,,,,,,,,,,,,,,,,,,,,,,,,,,,,,,,,,,,,,,,,,,,,,
Greenwell Matongo B,Namibia,"22°31'09.4""S 17°01'23.9""E",,Africa,,,,,,,,,,,,,,,,,,,,,,,,,,,,,,,,,,,,,,,,,,,,,,,,,,,,,,,,,,,,,,,,,,,,,,,,,,,,,,,,,,,,,,,,,,,,,,,,,
Greenwell Matongo C,Namibia,"22°31'12.7""S 17°01'28.6""E",,Africa,,,,,,,,,,,,,,,,,,,,,,,,,,,,,,,,,,,,,,,,,,,,,,,,,,,,,,,,,,,,,,,,,,,,,,,,,,,,,,,,,,,,,,,,,,,,,,,,,
Greenwell Matongo D,Namibia,"22°31'20.2""S 17°01'22.1""E",,Africa,,,,,,,,,,,,,,,,,,,,,,,,,,,,,,,,,,,,,,,,,,,,,,,,,,,,,,,,,,,,,,,,,,,,,,,,,,,,,,,,,,,,,,,,,,,,,,,,,
Otjomuise,Namibia,"22°33'15.7""S 17°00'48.7""E",,Africa,,,,,,,,,,,,,,,,,,,,,,,,,,,,,,,,,,,,,,,,,,,,,,,,,,,,,,,,,,,,,,,,,,,,,,,,,,,,,,,,,,,,,,,,,,,,,,,,,
Samuel Maherero,Namibia,"22°30'05.5""S 17°03'14.5""E",,Africa,,,,,,,,,,,,,,,,,,,,,,,,,,,,,,,,,,,,,,,,,,,,,,,,,,,,,,,,,,,,,,,,,,,,,,,,,,,,,,,,,,,,,,,,,,,,,,,,,
Agege,Nigeria,"6°37'03.5""N 3°19'25.3""E",,Africa,,,,,,,,,,,,,,,,,,,,,,,,,,,,,,,,,,,,,,,,,,,,,,,,,,,,,,,,,,,,,,,,,,,,,,,,,,,,,,,,,,,,,,,,,,,,,,,,,
Ajegunle,Nigeria,"7°52'19.1""N 3°13'59.1""E",,Africa,,,,,,,,,,,,,,,,,,,,,,,,,,,,,,,,,,,,,,,,,,,,,,,,,,,,,,,,,,,,,,,,,,,,,,,,,,,,,,,,,,,,,,,,,,,,,,,,,
Amukoko,Nigeria,"6°28'08.3""N 3°20'25.9""E",,Africa,,,,,,,,,,,,,,,,,,,,,,,,,,,,,,,,,,,,,,,,,,,,,,,,,,,,,,,,,,,,,,,,,,,,,,,,,,,,,,,,,,,,,,,,,,,,,,,,,
Badia,Nigeria,"6°27'29.1""N 3°21'36.5""E",,Africa,,,,,,,,,,,,,,,,,,,,,,,,,,,,,,,,,,,,,,,,,,,,,,,,,,,,,,,,,,,,,,,,,,,,,,,,,,,,,,,,,,,,,,,,,,,,,,,,,
Bodija,Nigeria,"7°25'58.5""N 3°54'27.4""E",,Africa,,,,,,,,,,,,,,,,,,,,,,,,,,,,,,,,,,,,,,,,,,,,,,,,,,,,,,,,,,,,,,,,,,,,,,,,,,,,,,,,,,,,,,,,,,,,,,,,,
Ijeshatedo/Itire,Nigeria,"6°29'33.2""N 3°19'32.2""E",,Africa,,,,,,,,,,,,,,,,,,,,,,,,,,,,,,,,,,,,,,,,,,,,,,,,,,,,,,,,,,,,,,,,,,,,,,,,,,,,,,,,,,,,,,,,,,,,,,,,,
Ilaje,Nigeria,"6°31'30.0""N 3°23'48.1""E",,Africa,,,,,,,,,,,,,,,,,,,,,,,,,,,,,,,,,,,,,,,,,,,,,,,,,,,,,,,,,,,,,,,,,,,,,,,,,,,,,,,,,,,,,,,,,,,,,,,,,
"Iwaya, Lagos",Nigeria,"6°30'20.0""N 3°23'32.9""E",,Africa,,,,,,,,,,,,,,,,,,,,,,,,,,,,,,,,,,,,,,,,,,,,,,,,,,,,,,,,,,,,,,,,,,,,,,,,,,,,,,,,,,,,,,,,,,,,,,,,,
"Makoko, Lagos",Nigeria,"6°29'58.9""N 3°23'08.3""E",,Africa,,,,,,,,,,,,,,,,,,,,,,,,,,,,,,,,,,,,,,,,,,,,,,,,,,,,,,,,,,,,,,,,,,,,,,,,,,,,,,,,,,,,,,,,,,,,,,,,,
Mushin,Nigeria,"6°31'45.3""N 3°21'41.1""E",,Africa,,,,,,,,,,,,,,,,,,,,,,,,,,,,,,,,,,,,,,,,,,,,,,,,,,,,,,,,,,,,,,,,,,,,,,,,,,,,,,,,,,,,,,,,,,,,,,,,,
Oke-Offa Babasale,Nigeria,"8°08'46.9""N 4°43'07.2""E",,Africa,,,,,,,,,,,,,,,,,,,,,,,,,,,,,,,,,,,,,,,,,,,,,,,,,,,,,,,,,,,,,,,,,,,,,,,,,,,,,,,,,,,,,,,,,,,,,,,,,
"Somolu, Lagos",Nigeria,"6°32'00.2""N 3°23'59.8""E",,Africa,,,,,,,,,,,,,,,,,,,,,,,,,,,,,,,,,,,,,,,,,,,,,,,,,,,,,,,,,,,,,,,,,,,,,,,,,,,,,,,,,,,,,,,,,,,,,,,,,
"Somolu, Lagos",Nigeria,"6°32'17.3""N 3°23'24.7""E",,Africa,,,,,,,,,,,,,,,,,,,,,,,,,,,,,,,,,,,,,,,,,,,,,,,,,,,,,,,,,,,,,,,,,,,,,,,,,,,,,,,,,,,,,,,,,,,,,,,,,
Idikan,Nigeria,"7°23'01.0""N 3°53'19.9""E",,Africa,,,,,,,,,,,,,,,,,,,,,,,,,,,,,,,,,,,,,,,,,,,,,,,,,,,,,,,,,,,,,,,,,,,,,,,,,,,,,,,,,,,,,,,,,,,,,,,,,
Sasa,Nigeria,"6°34'59.0""N 2°45'58.1""E",,Africa,,,,,,,,,,,,,,,,,,,,,,,,,,,,,,,,,,,,,,,,,,,,,,,,,,,,,,,,,,,,,,,,,,,,,,,,,,,,,,,,,,,,,,,,,,,,,,,,,
"Alexandra, Gauteng",South Africa,"26°06'06.8""S 28°05'45.6""E",,Africa,,,,,,,,,,,,,,,,,,,,,,,,,,,,,,,,,,,,,,,,,,,,,,,,,,,,,,,,,,,,,,,,,,,,,,,,,,,,,,,,,,,,,,,,,,,,,,,,,
"Cape Flat, Cape Town (Khayelitsha)",South Africa,"34°01'11.2""S 18°35'13.2""E",,Africa,,,,,,,,,,,,,,,,,,,,,,,,,,,,,,,,,,,,,,,,,,,,,,,,,,,,,,,,,,,,,,,,,,,,,,,,,,,,,,,,,,,,,,,,,,,,,,,,,
"Freedom Park, North West",South Africa,"25°34'08.9""S 27°14'56.2""E",,Africa,,,,,,,,,,,,,,,,,,,,,,,,,,,,,,,,,,,,,,,,,,,,,,,,,,,,,,,,,,,,,,,,,,,,,,,,,,,,,,,,,,,,,,,,,,,,,,,,,
"Inanda, KwaZulu-Natal",South Africa,"29°41'57.6""S 30°56'39.6""E",,Africa,,,,,,,,,,,,,,,,,,,,,,,,,,,,,,,,,,,,,,,,,,,,,,,,,,,,,,,,,,,,,,,,,,,,,,,,,,,,,,,,,,,,,,,,,,,,,,,,,
Joe Slovo (Cape Town),South Africa,"33°52'28.3""S 18°30'37.0""E",,Africa,,,,,,,,,,,,,,,,,,,,,,,,,,,,,,,,,,,,,,,,,,,,,,,,,,,,,,,,,,,,,,,,,,,,,,,,,,,,,,,,,,,,,,,,,,,,,,,,,
"Kennedy Road, Durban",South Africa,"29°48'45.8""S 30°58'44.6""E",,Africa,,,,,,,,,,,,,,,,,,,,,,,,,,,,,,,,,,,,,,,,,,,,,,,,,,,,,,,,,,,,,,,,,,,,,,,,,,,,,,,,,,,,,,,,,,,,,,,,,
"Cato Manor, Durban",South Africa,"29°51'26.6""S 30°58'18.4""E",,Africa,,,,,,,,,,,,,,,,,,,,,,,,,,,,,,,,,,,,,,,,,,,,,,,,,,,,,,,,,,,,,,,,,,,,,,,,,,,,,,,,,,,,,,,,,,,,,,,,,
"Wallacedene, Cape Town",South Africa,"33°51'30.5""S 18°44'25.2""E",,Africa,,,,,,,,,,,,,,,,,,,,,,,,,,,,,,,,,,,,,,,,,,,,,,,,,,,,,,,,,,,,,,,,,,,,,,,,,,,,,,,,,,,,,,,,,,,,,,,,,
Khayelitsha,South Africa,"34°00'38.7""S 18°38'43.5""E",Squatting,Africa,"400,000",Valley,Along railway tracks ,Temperate (Type C),,,,,,,,,,,,,,,,,x,,x,,,x,x,,x,,,,x,x,x,x,,x,,,,,Corrugated sheet,,,,,,,,Established,,2-Jan,,,"7,562",4-Mar,89%,,,,,,,"34 primary schools, 23 secondary schools","District Hospital with 24h emergency centre, three provincial clinics and small municipal ones",,,,"Domestic work (19,4%), serice work (15.2%), skilled manual labour (15,2%), unskilled manual labour (11%), and security services (10.4%, R20000",A lot of people bought the houses 10-15 years ago. Banks are increasingly giving mortages. ,,,,,,,,,,,,,0.01%,99.90%,,,R20000 (US$1872/year),,,,,,,,,
Khayelitsha,South Africa,"34°00'39.2""S 18°39'05.3""E",,Africa,,,,,,,,,,,,,,,,,,,,,,,,,,,,,,,,,,,,,,,,,,,,,,,,,,,,,,,,,,,,,,,,,,,,,,,,,,,,,,,,,,,,,,,,,,,,,,,,,
Khayelitsha,South Africa,"34°03'45.1""S 18°40'16.0""E",,Africa,,,,,,,,,,,,,,,,,,,,,,,,,,,,,,,,,,,,,,,,,,,,,,,,,,,,,,,,,,,,,,,,,,,,,,,,,,,,,,,,,,,,,,,,,,,,,,,,,
Nyanga,South Africa,"33°59'24.2""S 18°34'52.5""E",,Africa,,,,,,,,,,,,,,,,,,,,,,,,,,,,,,,,,,,,,,,,,,,,,,,,,,,,,,,,,,,,,,,,,,,,,,,,,,,,,,,,,,,,,,,,,,,,,,,,,
Masiphumelele,South Africa,,,Africa,,,,,,,,,,,,,,,,,,,,,,,,,,,,,,,,,,,,,,,,,,,,,,,,,,,,,,,,,,,,,,,,,,,,,,,,,,,,,,,,,,,,,,,,,,,,,,,,,
Moneni,Swaziland,"26°29'47.9""S 31°24'07.0""E",,Africa,,,,,,,,,,,,,,,,,,,,,,,,,,,,,,,,,,,,,,,,,,,,,,,,,,,,,,,,,,,,,,,,,,,,,,,,,,,,,,,,,,,,,,,,,,,,,,,,,
Msunduza,Swaziland,"26°19'52.4""S 31°09'23.3""E",,Africa,,,,,,,,,,,,,,,,,,,,,,,,,,,,,,,,,,,,,,,,,,,,,,,,,,,,,,,,,,,,,,,,,,,,,,,,,,,,,,,,,,,,,,,,,,,,,,,,,
Nkawlini,Swaziland,"26°20'06.7""S 31°07'09.0""E",,Africa,,,,,,,,,,,,,,,,,,,,,,,,,,,,,,,,,,,,,,,,,,,,,,,,,,,,,,,,,,,,,,,,,,,,,,,,,,,,,,,,,,,,,,,,,,,,,,,,,
Begun Bari,Bangladesh,"23°45'52.3""N 90°24'09.9""E",,Africa,,,,,,,,,,,,,,,,,,,,,,,,,,,,,,,,,,,,,,,,,,,,,,,,,,,,,,,,,,,,,,,,,,,,,,,,,,,,,,,,,,,,,,,,,,,,,,,,,
Korail,Bangladesh,"23°47'05.4""N 90°24'40.3""E",,Africa,,,,,,,,,,,,,,,,,,,,,,,,,,,,,,,,,,,,,,,,,,,,,,,,,,,,,,,,,,,,,,,,,,,,,,,,,,,,,,,,,,,,,,,,,,,,,,,,,
Banganga,India,"22°44'27.8""N 75°51'05.7""E",,Asia,,,,,,,,,,,,,,,,,,,,,,,,,,,,,,,,,,,,,,,,,,,,,,,,,,,,,,,,,,,,,,,,,,,,,,,,,,,,,,,,,,,,,,,,,,,,,,,,,
"Baiganwadi, Mumbai",India,"19°03'38.6""N 72°55'44.1""E",,Asia,,,,,,,,,,,,,,,,,,,,,,,,,,,,,,,,,,,,,,,,,,,,,,,,,,,,,,,,,,,,,,,,,,,,,,,,,,,,,,,,,,,,,,,,,,,,,,,,,
Chandmari,India,"26°11'33.1""N 91°46'32.1""E",,Asia,,,,,,,,,,,,,,,,,,,,,,,,,,,,,,,,,,,,,,,,,,,,,,,,,,,,,,,,,,,,,,,,,,,,,,,,,,,,,,,,,,,,,,,,,,,,,,,,,
"Dharavi, Mumbai",India,"19°02'38.5""N 72°51'22.1""E",Squatting,Asia,"1,000,000",Coastal,Suburban industrial areas ,Tropical (Type A),,Floods,Medium-threat,,,,,,,,,,,,,,x,,x,,,,x,,x,,,,x,x,,,x,x,,,,,,,,,,,,,Established,,1,,,"277,136",,,,,,,,,,,,,,,,,,,,,,,,,,,,,,,,,,,,,,,,,
Kathputhli slum,India,"26°53'58.2""N 75°47'49.6""E",,Asia,,,,,,,,,,,,,,,,,,,,,,,,,,,,,,,,,,,,,,,,,,,,,,,,,,,,,,,,,,,,,,,,,,,,,,,,,,,,,,,,,,,,,,,,,,,,,,,,,
Tikia Para,India,"22°35'50.3""N 88°19'31.8""E",,Asia,,,,,,,,,,,,,,,,,,,,,,,,,,,,,,,,,,,,,,,,,,,,,,,,,,,,,,,,,,,,,,,,,,,,,,,,,,,,,,,,,,,,,,,,,,,,,,,,,
"Abhuji Na Kuva Na Chapra, Gujarat",India,,Squatting,Asia,154,Valley,In the heart of the city ,Tropical (Type A),,,,,,,,,,,,,,,,88%,12%,93%,0%,47%,46%,,,,,,,,,,,,,,,24%,63%,14%,,,,,,,,,,,,,,"108,146",2.6,,,,,,,,,,,,,,75%,25%,,,56%,44%,,,,,,,,,,,,,,73%,14%,14%,,,,,
"Bharwad Vas, Gujarat",India,,Squatting,Asia,430,Valley,In the heart of the city ,Tropical (Type A),,,,,,,,,,,,,,,,98%,2%,65%,32%,89%,15%,,,,,,,,,,,,,,,2%,98%,0%,,,,,,,,,,,,,,"125,146",3.5,,,,,,,,,,,,,,84%,16%,,,60%,40%,,,,,,,,,,,,,,63%,33%,4%,,,,,
"Bhill Vas Na Chapra, Gujarat",India,,Squatting,Asia,387,Valley,In the heart of the city ,Tropical (Type A),,,,,,,,,,,,,,,,68%,33%,80%,18%,29%,35%,,,,,,,,,,,,,,,0%,97%,3%,,,,,,,,,,,,,,"97,358",3.2,,,,,,,,,,,,,,100%,0%,,,51%,49%,,,,,,,,,,,,,,67%,32%,2%,,,,,
"Bhudar Pura Na Chapra (Bhilvas), Gujarat",India,,Squatting,Asia,326,Valley,In the heart of the city ,Tropical (Type A),,,,,,,,,,,,,,,,89%,11%,78%,11%,41%,12%,,,,,,,,,,,,,,,0%,100%,0%,,,,,,,,,,,,,,"78,365",4.4,,,,,,,,,,,,,,70%,30%,,,50%,50%,,,,,,,,,,,,,,73%,27%,0%,,,,,
"Bhudar Pura Na Chapra (Ramiramniklal Ni Chali), Gujarat",India,,Squatting,Asia,"1,568",Valley,In the heart of the city ,Tropical (Type A),,,,,,,,,,,,,,,,75%,25%,65%,34%,65%,34%,,,,,,,,,,,,,,,7%,91%,1%,,,,,,,,,,,,,,"88,333",3.2,,,,,,,,,,,,,,97%,3%,,,41%,59%,,,,,,,,,,,,,,9%,90%,1%,,,,,
"Dhor Vado, Gujarat",India,,Squatting,Asia,173,Valley,In the heart of the city ,Tropical (Type A),,,,,,,,,,,,,,,,96%,4%,96%,2%,94%,80%,,,,,,,,,,,,,,,2%,94%,4%,,,,,,,,,,,,,,"108,193",3.5,,,,,,,,,,,,,,100%,0%,,,53%,47%,,,,,,,,,,,,,,20%,80%,0%,,,,,
"Rabari Na Chapra (Jiva Dosa Na Chapra), Gujarat",India,,Squatting,Asia,601,Valley,In the heart of the city ,Tropical (Type A),,,,,,,,,,,,,,,,33%,67%,14%,44%,58%,0%,,,,,,,,,,,,,,,0%,78%,0%,,,,,,,,,,,,,,"135,789",3.7,,,,,,,,,,,,,,0%,100%,,,57%,43%,,,,,,,,,,,,,,25%,75%,0%,,,,,
"Babar Ni Chali, Gujarat",India,,Squatting,Asia,39,Valley,In the heart of the city ,Tropical (Type A),,,,,,,,,,,,,,,,100%,0%,96%,4%,96%,0%,,,,,,,,,,,,,,,0%,7%,93%,,,,,,,,,,,,,,"36,792",1.4,,,,,,,,,,,,,,100%,0%,,,63%,37%,,,,,,,,,,,,,,100%,0%,0%,,,,,
"Bholenath Tekri Na Chapra (Kabirtekri), Gujarat",India,,Squatting,Asia,902,Coastal,In the heart of the city ,Tropical (Type A),,,,,,,,,,,,,,,,84%,16%,84%,0%,55%,42%,,,,,,,,,,,,,,,6%,86%,6%,,,,,,,,,,,,,,"85,014",3.3,,,,,,,,,,,,,,96%,4%,,,42%,58%,,,,,,,,,,,,,,9%,79%,12%,,,,,
"Chandrabhagha Pool Na Chapra, Gujarat",India,,Squatting,Asia,72,Valley,In the heart of the city ,Tropical (Type A),,,,,,,,,,,,,,,,87%,13%,45%,4%,70%,34%,,,,,,,,,,,,,,,7%,37%,46%,,,,,,,,,,,,,,"18,372",1,,,,,,,,,,,,,,89%,11%,,,0%,100%,,,,,,,,,,,,,,3%,85%,13%,,,,,
"Gopal Nagar, Gujarat",India,,Squatting,Asia,110,Valley,In the heart of the city ,Tropical (Type A),,,,,,,,,,,,,,,,96%,4%,64%,28%,12%,4%,,,,,,,,,,,,,,,0%,92%,8%,,,,,,,,,,,,,,"163,690",4.4,,,,,,,,,,,,,,96%,4%,,,44%,56%,,,,,,,,,,,,,,64%,32%,4%,,,,,
"Khadiyavali Rambhal Ni Chali, Gujarat",India,,Squatting,Asia,"1,147",Valley,In the heart of the city ,Tropical (Type A),,,,,,,,,,,,,,,,80%,20%,79%,20%,81%,13%,,,,,,,,,,,,,,,0%,81%,18%,,,,,,,,,,,,,,"87,731",3.4,,,,,,,,,,,,,,93%,7%,,,50%,50%,,,,,,,,,,,,,,20%,80%,0%,,,,,
"Madrasi Na Chapra, Gujarat",India,,Squatting,Asia,109,Valley,In the heart of the city ,Tropical (Type A),,,,,,,,,,,,,,,,81%,19%,86%,3%,72%,0%,,,,,,,,,,,,,,,3%,78%,0%,,,,,,,,,,,,,,"106,341",3,,,,,,,,,,,,,,86%,14%,,,51%,49%,,,,,,,,,,,,,,64%,19%,17%,,,,,
"Ambedkarnagar, Gujarat",India,,Squatting,Asia,655,Valley,In the heart of the city ,Tropical (Type A),,,,,,,,,,,,,,,,95%,5%,93%,1%,71%,1%,,,,,,,,,,,,,,,0%,95%,0%,,,,,,,,,,,,,,"124,053",3.7,,,,,,,,,,,,,,94%,6%,,,41%,59%,,,,,,,,,,,,,,50%,45%,5%,,,,,
"Mahalaxmi Nagar, Gujarat",India,,Squatting,Asia,214,Valley,In the heart of the city ,Tropical (Type A),,,,,,,,,,,,,,,,48%,52%,46%,16%,62%,0%,,,,,,,,,,,,,,,1%,62%,0%,,,,,,,,,,,,,,"165,379",1.9,,,,,,,,,,,,,,63%,38%,,,57%,43%,,,,,,,,,,,,,,0%,63%,38%,,,,,
"Maravadi Ni Chali, Gujarat",India,,Squatting,Asia,395,Valley,In the heart of the city ,Tropical (Type A),,,,,,,,,,,,,,,,21%,79%,17%,16%,34%,0%,,,,,,,,,,,,,,,27%,48%,3%,,,,,,,,,,,,,,"50,171",2.2,,,,,,,,,,,,,,0%,100%,,,0%,100%,,,,,,,,,,,,,,1%,72%,27%,,,,,
"Uddhav Nagar, Gujarat",India,,Squatting,Asia,819,Valley,In the heart of the city ,Tropical (Type A),,,,,,,,,,,,,,,,90%,10%,84%,11%,76%,3%,,,,,,,,,,,,,,,7%,90%,0%,,,,,,,,,,,,,,"83,299",4,,,,,,,,,,,,,,96%,4%,,,43%,57%,,,,,,,,,,,,,,33%,64%,2%,,,,,
"Ganeshnagar, Gujarat",India,,Squatting,Asia,612,Valley,In the heart of the city ,Tropical (Type A),,,,,,,,,,,,,,,,0%,100%,5%,14%,19%,0%,,,,,,,,,,,,,,,2%,39%,0%,,,,,,,,,,,,,,"118,352",3,,,,,,,,,,,,,,0%,100%,,,49%,51%,,,,,,,,,,,,,,30%,3%,67%,,,,,
"Shaktinagar, Gujarat",India,,Squatting,Asia,"1,541",Valley,In the heart of the city ,Tropical (Type A),,,,,,,,,,,,,,,,62%,38%,69%,22%,36%,49%,,,,,,,,,,,,,,,38%,86%,3%,,,,,,,,,,,,,,"264,413",5,,,,,,,,,,,,,,60%,40%,,,49%,51%,,,,,,,,,,,,,,50%,50%,0%,,,,,
"Chapra (Khodiyar Nagar), Gujarat",India,,Squatting,Asia,67,Valley,In the heart of the city ,Tropical (Type A),,,,,,,,,,,,,,,,95%,5%,93%,8%,68%,28%,,,,,,,,,,,,,,,10%,83%,8%,,,,,,,,,,,,,,"24,991",1.7,,,,,,,,,,,,,,98%,3%,,,48%,52%,,,,,,,,,,,,,,28%,73%,0%,,,,,
"Shankarbhai Ramjibhai Na Chapra, Gujarat",India,,Squatting,Asia,"1,318",Valley,In the heart of the city ,Tropical (Type A),,,,,,,,,,,,,,,,69%,31%,91%,4%,94%,1%,,,,,,,,,,,,,,,2%,88%,8%,,,,,,,,,,,,,,"155,682",2.6,,,,,,,,,,,,,,73%,27%,,,44%,56%,,,,,,,,,,,,,,23%,74%,4%,,,,,
"Talavdi Na Chapra, Gujarat",India,,Squatting,Asia,"4,846",Valley,In the heart of the city ,Tropical (Type A),,,,,,,,,,,,,,,,66%,34%,71%,28%,88%,1%,,,,,,,,,,,,,,,0%,98%,0%,,,,,,,,,,,,,,"144,977",3.7,,,,,,,,,,,,,,67%,33%,,,44%,56%,,,,,,,,,,,,,,0%,99%,1%,,,,,
"Bhagat Na Chapra, Gujarat",India,,Squatting,Asia,"1,247",Valley,In the heart of the city ,Tropical (Type A),,,,,,,,,,,,,,,,94%,6%,85%,14%,88%,2%,,,,,,,,,,,,,,,76%,19%,5%,,,,,,,,,,,,,,"91,867",2.7,,,,,,,,,,,,,,95%,5%,,,37%,63%,,,,,,,,,,,,,,8%,92%,0%,,,,,
"Lakhudi Talavdi, Gujarat",India,,Squatting,Asia,"2,064",Valley,In the heart of the city ,Tropical (Type A),,,,,,,,,,,,,,,,55%,45%,44%,40%,81%,2%,,,,,,,,,,,,,,,11%,83%,5%,,,,,,,,,,,,,,"168,284",4.6,,,,,,,,,,,,,,95%,5%,,,44%,56%,,,,,,,,,,,,,,28%,65%,7%,,,,,
"Garib Nagar (Vasukeshwar Nagar), Gujarat",India,,Squatting,Asia,688,Valley,In the heart of the city ,Tropical (Type A),,,,,,,,,,,,,,,,79%,21%,36%,6%,42%,0%,,,,,,,,,,,,,,,0%,34%,2%,,,,,,,,,,,,,,"118,764",3.8,,,,,,,,,,,,,,19%,81%,,,5%,95%,,,,,,,,,,,,,,4%,38%,58%,,,,,
"Rabari Na Chapra, Gujarat",India,,Squatting,Asia,"1,982",Valley,In the heart of the city ,Tropical (Type A),,,,,,,,,,,,,,,,85%,15%,61%,33%,30%,57%,,,,,,,,,,,,,,,0%,91%,1%,,,,,,,,,,,,,,"125,945",4.3,,,,,,,,,,,,,,90%,10%,,,40%,60%,,,,,,,,,,,,,,26%,72%,3%,,,,,
"Bank of Baroda Soc Na Chapra, Gujarat",India,,Squatting,Asia,300,Valley,In the heart of the city ,Tropical (Type A),,,,,,,,,,,,,,,,88%,12%,87%,2%,79%,11%,,,,,,,,,,,,,,,0%,97%,3%,,,,,,,,,,,,,,"80,107",3.3,,,,,,,,,,,,,,97%,3%,,,34%,66%,,,,,,,,,,,,,,11%,82%,7%,,,,,
"Fatehpura Na Chapra, Gujarat",India,,Squatting,Asia,353,Valley,In the heart of the city ,Tropical (Type A),,,,,,,,,,,,,,,,97%,3%,97%,0%,96%,1%,,,,,,,,,,,,,,,2%,93%,1%,,,,,,,,,,,,,,"161,482",3.9,,,,,,,,,,,,,,68%,32%,,,44%,56%,,,,,,,,,,,,,,0%,97%,3%,,,,,
"Fugulla Soc Na Chapra, Gujarat",India,,Squatting,Asia,45,Valley,In the heart of the city ,Tropical (Type A),,,,,,,,,,,,,,,,100%,0%,100%,0%,100%,0%,,,,,,,,,,,,,,,0%,100%,0%,,,,,,,,,,,,,,"74,135",4.5,,,,,,,,,,,,,,100%,0%,,,43%,57%,,,,,,,,,,,,,,0%,100%,0%,,,,,
"Ganesh Nagar, Gujarat",India,,Squatting,Asia,104,Valley,In the heart of the city ,Tropical (Type A),,,,,,,,,,,,,,,,61%,39%,57%,0%,50%,7%,,,,,,,,,,,,,,,0%,71%,0%,,,,,,,,,,,,,,"115,813",3.7,,,,,,,,,,,,,,61%,39%,,,20%,80%,,,,,,,,,,,,,,46%,21%,32%,,,,,
"Juni Mazjid Na Chapra, Gujarat",India,,Squatting,Asia,231,Valley,In the heart of the city ,Tropical (Type A),,,,,,,,,,,,,,,,75%,25%,87%,7%,91%,0%,,,,,,,,,,,,,,,3%,89%,3%,,,,,,,,,,,,,,"88,404",3.1,,,,,,,,,,,,,,32%,68%,,,59%,41%,,,,,,,,,,,,,,1%,91%,8%,,,,,
"Nr. Mahalaxmi Crossing Chapra, Gujarat",India,,Squatting,Asia,34,Valley,In the heart of the city ,Tropical (Type A),,,,,,,,,,,,,,,,8%,92%,8%,0%,7%,0%,,,,,,,,,,,,,,,5%,1%,4%,,,,,,,,,,,,,,"76,233",2.8,,,,,,,,,,,,,,3%,97%,,,64%,36%,,,,,,,,,,,,,,2%,1%,98%,,,,,
"P.Y. College's Chapra, Gujarat",India,,Squatting,Asia,"1,205",Valley,In the heart of the city ,Tropical (Type A),,,,,,,,,,,,,,,,66%,34%,50%,38%,41%,46%,,,,,,,,,,,,,,,1%,85%,11%,,,,,,,,,,,,,,"120,211",3.1,,,,,,,,,,,,,,83%,17%,,,43%,57%,,,,,,,,,,,,,,31%,62%,7%,,,,,
"Rabari Na Chapra, Gujarat",India,,Squatting,Asia,194,Valley,In the heart of the city ,Tropical (Type A),,,,,,,,,,,,,,,,63%,37%,66%,29%,94%,36%,,,,,,,,,,,,,,,33%,61%,0%,,,,,,,,,,,,,,"35,760",2.8,,,,,,,,,,,,,,89%,11%,,,39%,61%,,,,,,,,,,,,,,75%,24%,1%,,,,,
"Sharda Nagar's Chapra, Gujarat",India,,Squatting,Asia,353,Valley,In the heart of the city ,Tropical (Type A),,,,,,,,,,,,,,,,94%,6%,95%,5%,98%,0%,,,,,,,,,,,,,,,0%,100%,1%,,,,,,,,,,,,,,"95,071",3.6,,,,,,,,,,,,,,92%,8%,,,39%,61%,,,,,,,,,,,,,,75%,24%,1%,,,,,
"Trikamial Ni Chali, Gujarat",India,,Squatting,Asia,335,Valley,In the heart of the city ,Tropical (Type A),,,,,,,,,,,,,,,,62%,38%,75%,25%,98%,1%,,,,,,,,,,,,,,,73%,20%,1%,,,,,,,,,,,,,,"90,909",2.9,,,,,,,,,,,,,,74%,26%,,,38%,62%,,,,,,,,,,,,,,56%,44%,0%,,,,,
"Vasant Kuva Na Chapra, Gujarat",India,,Squatting,Asia,829,Valley,In the heart of the city ,Tropical (Type A),,,,,,,,,,,,,,,,42%,58%,85%,8%,83%,14%,,,,,,,,,,,,,,,1%,96%,1%,,,,,,,,,,,,,,"96,948",2.9,,,,,,,,,,,,,,95%,5%,,,55%,45%,,,,,,,,,,,,,,47%,51%,2%,,,,,
"Ambica Nagar Na Chapra, Gujarat",India,,Squatting,Asia,268,Valley,In the heart of the city ,Tropical (Type A),,,,,,,,,,,,,,,,30%,70%,18%,10%,18%,0%,,,,,,,,,,,,,,,4%,51%,2%,,,,,,,,,,,,,,"46,560",2.7,,,,,,,,,,,,,,31%,69%,,,10%,90%,,,,,,,,,,,,,,15%,26%,59%,,,,,
"Babubhai Rabari Ni Chali, Gujarat",India,,Squatting,Asia,397,Valley,In the heart of the city ,Tropical (Type A),,,,,,,,,,,,,,,,1%,99%,2%,4%,1%,0%,,,,,,,,,,,,,,,0%,7%,0%,,,,,,,,,,,,,,"52,479",1.9,,,,,,,,,,,,,,0%,100%,,,n/d,n/d,,,,,,,,,,,,,,6%,0%,94%,,,,,
"Chara Nagar Na Chapra, Gujarat",India,,Squatting,Asia,784,Valley,In the heart of the city ,Tropical (Type A),,,,,,,,,,,,,,,,55%,45%,68%,20%,82%,18%,,,,,,,,,,,,,,,2%,70%,26%,,,,,,,,,,,,,,"75,269",3.6,,,,,,,,,,,,,,92%,8%,,,49%,51%,,,,,,,,,,,,,,35%,59%,6%,,,,,
"Gandhi Vas, Gujarat",India,,Squatting,Asia,"2,063",Valley,In the heart of the city ,Tropical (Type A),,,,,,,,,,,,,,,,67%,33%,76%,26%,95%,5%,,,,,,,,,,,,,,,12%,90%,1%,,,,,,,,,,,,,,"81,320",3.8,,,,,,,,,,,,,,100%,0%,,,45%,55%,,,,,,,,,,,,,,41%,48%,10%,,,,,
"Gaukhepura Na Chapra, Gujarat",India,,Squatting,Asia,206,Valley,In the heart of the city ,Tropical (Type A),,,,,,,,,,,,,,,,0%,100%,0%,0%,0%,0%,,,,,,,,,,,,,,,0%,73%,0%,,,,,,,,,,,,,,"91,150",2.5,,,,,,,,,,,,,,0%,100%,,,50%,50%,,,,,,,,,,,,,,0%,28%,72%,,,,,
"Bhavani Nagar, Gujarat",India,,Squatting,Asia,247,Valley,In the heart of the city ,Tropical (Type A),,,,,,,,,,,,,,,,12%,88%,12%,2%,14%,0%,,,,,,,,,,,,,,,0%,55%,0%,,,,,,,,,,,,,,"303,813",5.9,,,,,,,,,,,,,,0%,100%,,,n/d,n/d,,,,,,,,,,,,,,55%,0%,45%,,,,,
"Baldev Nagar, Gujarat",India,,Squatting,Asia,669,Valley,In the heart of the city ,Tropical (Type A),,,,,,,,,,,,,,,,31%,69%,7%,44%,51%,0%,,,,,,,,,,,,,,,18%,56%,0,,,,,,,,,,,,,,"129,051",7.4,,,,,,,,,,,,,,0%,100%,,,33%,67%,,,,,,,,,,,,,,,,,,,,,
"Anandnagar Ni Chali, Gujarat",India,,Squatting,Asia,143,Valley,In the heart of the city ,Tropical (Type A),,,,,,,,,,,,,,,,36%,64%,28%,25%,53%,0%,,,,,,,,,,,,,,,58%,36%,0%,,,,,,,,,,,,,,"127,451",4,,,,,,,,,,,,,,0%,100%,,,56%,44%,,,,,,,,,,,,,,0%,72%,28%,,,,,
"Kerosene Ni Chali, Gujarat",India,,Squatting,Asia,650,Valley,In the heart of the city ,Tropical (Type A),,,,,,,,,,,,,,,,44%,56%,48%,0%,62%,0%,,,,,,,,,,,,,,,0%,92%,0%,,,,,,,,,,,,,,"101,420",4.5,,,,,,,,,,,,,,0%,100%,,,25%,75%,,,,,,,,,,,,,,8%,90%,1%,,,,,
"Nirant Nagar Ni Chali, Gujarat",India,,Squatting,Asia,387,Valley,In the heart of the city ,Tropical (Type A),,,,,,,,,,,,,,,,12%,88%,12%,10%,21%,0%,,,,,,,,,,,,,,,0%,50%,0%,,,,,,,,,,,,,,"93,773",5.7,,,,,,,,,,,,,,0%,100%,,,n/d,n/d,,,,,,,,,,,,,,31%,19%,50%,,,,,
"Jagannathnaga Ni Chali, Gujarat",India,,Squatting,Asia,273,Valley,In the heart of the city ,Tropical (Type A),,,,,,,,,,,,,,,,9%,91%,9%,2%,10%,0%,,,,,,,,,,,,,,,29%,12%,0%,,,,,,,,,,,,,,"100,000",4.7,,,,,,,,,,,,,,0%,100%,,,n/d,n/d,,,,,,,,,,,,,,40%,60%,,,,,,
"Govindbhai Ni Chali, Gujarat",India,,Squatting,Asia,162,Valley,In the heart of the city ,Tropical (Type A),,,,,,,,,,,,,,,,22%,78%,57%,20%,33%,20%,,,,,,,,,,,,,,,0%,78%,2%,,,,,,,,,,,,,,"58,023",3.5,,,,,,,,,,,,,,54%,46%,,,48%,52%,,,,,,,,,,,,,,17%,65%,17%,,,,,
"Harekrishna Nagar, Gujarat",India,,Squatting,Asia,"1,013",Valley,In the heart of the city ,Tropical (Type A),,,,,,,,,,,,,,,,49%,51%,53%,39%,87%,12%,,,,,,,,,,,,,,,14%,88%,0%,,,,,,,,,,,,,,"97,469",4.2,,,,,,,,,,,,,,99%,1%,,,46%,54%,,,,,,,,,,,,,,25%,75%,0%,,,,,
"Harivan Na Chapra, Gujarat",India,,Squatting,Asia,380,Valley,In the heart of the city ,Tropical (Type A),,,,,,,,,,,,,,,,97%,3%,91%,3%,90%,4%,,,,,,,,,,,,,,,6%,91%,3%,,,,,,,,,,,,,,"92,480",5.5,,,,,,,,,,,,,,70%,30%,,,44%,56%,,,,,,,,,,,,,,91%,9%,0%,,,,,
"Jagabhai Ni Chali, Gujarat",India,,Squatting,Asia,459,Valley,In the heart of the city ,Tropical (Type A),,,,,,,,,,,,,,,,40%,60%,41%,54%,68%,2%,,,,,,,,,,,,,,,0%,73%,27%,,,,,,,,,,,,,,"103,612",3.7,,,,,,,,,,,,,,88%,12%,,,43%,57%,,,,,,,,,,,,,,31%,63%,6%,,,,,
"Juna Bazar Na Chapra, Gujarat",India,,Squatting,Asia,57,Valley,In the heart of the city ,Tropical (Type A),,,,,,,,,,,,,,,,100%,0%,100%,0%,100%,0%,,,,,,,,,,,,,,,0%,100%,0%,,,,,,,,,,,,,,"82,014",3.8,,,,,,,,,,,,,,80%,20%,,,51%,49%,,,,,,,,,,,,,,0%,100%,0%,,,,,
"Kailash Nagar Na Chapra, Gujarat",India,,Squatting,Asia,"2,152",Valley,In the heart of the city ,Tropical (Type A),,,,,,,,,,,,,,,,58%,42%,52%,23%,96%,0%,,,,,,,,,,,,,,,1%,99%,0%,,,,,,,,,,,,,,"90,771",4,,,,,,,,,,,,,,97%,3%,,,47%,53%,,,,,,,,,,,,,,28%,68%,4%,,,,,
"Ramapir Ni Chali, Gujarat",India,,Squatting,Asia,894,Valley,In the heart of the city ,Tropical (Type A),,,,,,,,,,,,,,,,38%,62%,0%,0%,0%,0%,,,,,,,,,,,,,,,0%,0%,0%,,,,,,,,,,,,,,"350,588",4.6,,,,,,,,,,,,,,0%,100%,,,n/d,n/d,,,,,,,,,,,,,,0%,0%,100%,,,,,
"Madrasi Na Chapra II, Gujarat",India,,Squatting,Asia,140,Valley,In the heart of the city ,Tropical (Type A),,,,,,,,,,,,,,,,28%,72%,9%,70%,72%,28%,,,,,,,,,,,,,,,2%,72%,21%,,,,,,,,,,,,,,"173,482",3,,,,,,,,,,,,,,98%,2%,,,41%,59%,,,,,,,,,,,,,,4%,94%,2%,,,,,
"Kolsi Tekra Chapra, Gujarat",India,,Squatting,Asia,"1,200",Valley,In the heart of the city ,Tropical (Type A),,,,,,,,,,,,,,,,73%,27%,61%,36%,82%,7%,,,,,,,,,,,,,,,1%,99%,0%,,,,,,,,,,,,,,"136,596",3.6,,,,,,,,,,,,,,97%,3%,,,41%,59%,,,,,,,,,,,,,,26%,58%,15%,,,,,
"Maganji Sabaji Ni Chali, Gujarat",India,,Squatting,Asia,77,Valley,In the heart of the city ,Tropical (Type A),,,,,,,,,,,,,,,,0%,100%,33%,52%,86%,43%,,,,,,,,,,,,,,,0%,86%,0%,,,,,,,,,,,,,,"105,335",3.7,,,,,,,,,,,,,,81%,19%,,,45%,55%,,,,,,,,,,,,,,0%,81%,19%,,,,,
"Marvadi Ni Chali, Gujarat",India,,Squatting,Asia,800,Valley,In the heart of the city ,Tropical (Type A),,,,,,,,,,,,,,,,88%,12%,72%,0%,69%,61%,,,,,,,,,,,,,,,12%,60%,0%,,,,,,,,,,,,,,"196,996",3.4,,,,,,,,,,,,,,50%,50%,,,42%,58%,,,,,,,,,,,,,,35%,30%,35%,,,,,
"Navgari Thakorvas Na Chapra, Gujarat",India,,Squatting,Asia,142,Valley,In the heart of the city ,Tropical (Type A),,,,,,,,,,,,,,,,94%,6%,66%,6%,84%,0%,,,,,,,,,,,,,,,0%,84%,9%,,,,,,,,,,,,,,"75,936",4.4,,,,,,,,,,,,,,84%,16%,,,44%,56%,,,,,,,,,,,,,,6%,88%,6%,,,,,
"Nr Power House Chapra, Gujarat",India,,Squatting,Asia,682,Valley,In the heart of the city ,Tropical (Type A),,,,,,,,,,,,,,,,77%,23%,77%,23%,100%,0%,,,,,,,,,,,,,,,5%,75%,20%,,,,,,,,,,,,,,"100,590",3,,,,,,,,,,,,,,75%,25%,,,44%,56%,,,,,,,,,,,,,,9%,66%,25%,,,,,
"Rabari Vas (Dahyabhai Ni Chali), Gujarat",India,,Squatting,Asia,59,Valley,In the heart of the city ,Tropical (Type A),,,,,,,,,,,,,,,,92%,8%,54%,15%,54%,92%,,,,,,,,,,,,,,,62%,23%,15%,,,,,,,,,,,,,,"62,302",4.5,,,,,,,,,,,,,,100%,1%,,,64%,36%,,,,,,,,,,,,,,69%,23%,8%,,,,,
"Sant Kevai Nagar, Gujarat",India,,Squatting,Asia,915,Valley,In the heart of the city ,Tropical (Type A),,,,,,,,,,,,,,,,65%,35%,55%,25%,38%,63%,,,,,,,,,,,,,,,12%,87%,0%,,,,,,,,,,,,,,"1,253",4.5,,,,,,,,,,,,,,91%,9%,,,47%,53%,,,,,,,,,,,,,,14%,85%,1%,,,,,
"Sardarji Na Banglows Chapra (Panch Bunglows Na Chapra), Gujarat",India,,Squatting,Asia,248,Valley,In the heart of the city ,Tropical (Type A),,,,,,,,,,,,,,,,66%,34%,90%,7%,82%,5%,,,,,,,,,,,,,,,39%,56%,2%,,,,,,,,,,,,,,"157,161",4.1,,,,,,,,,,,,,,87%,13%,,,47%,53%,,,,,,,,,,,,,,41%,52%,7%,,,,,
"Shubhash Nagar Na Chapra, Gujarat",India,,Squatting,Asia,"1,191",Valley,In the heart of the city ,Tropical (Type A),,,,,,,,,,,,,,,,92%,8%,90%,4%,80%,1%,,,,,,,,,,,,,,,33%,65%,1%,,,,,,,,,,,,,,"81,164",3.9,,,,,,,,,,,,,,91%,9%,,,48%,52%,,,,,,,,,,,,,,60%,35%,5%,,,,,
"Kanku Ma Ni Chali, Gujarat",India,,Squatting,Asia,687,Valley,In the heart of the city ,Tropical (Type A),,,,,,,,,,,,,,,,31%,69%,43%,12%,53%,45%,,,,,,,,,,,,,,,5%,87%,0%,,,,,,,,,,,,,,"112,549",4.1,,,,,,,,,,,,,,91%,9%,,,40%,60%,,,,,,,,,,,,,,73%,14%,13%,,,,,
"Gopal Nagar II, Gujarat",India,,Squatting,Asia,"4,045",Valley,In the heart of the city ,Tropical (Type A),,,,,,,,,,,,,,,,62%,38%,64%,25%,71%,8%,,,,,,,,,,,,,,,30%,57%,8%,,,,,,,,,,,,,,"127,173",2.9,,,,,,,,,,,,,,51%,49%,,,36%,64%,,,,,,,,,,,,,,43%,36%,20%,,,,,
"Krishna Nagar Na Chapra, Gujarat",India,,Squatting,Asia,745,Valley,In the heart of the city ,Tropical (Type A),,,,,,,,,,,,,,,,n/d,n/d,1%,4%,5%,0%,,,,,,,,,,,,,,,1%,6%,0%,,,,,,,,,,,,,,"69,960",1.7,,,,,,,,,,,,,,0%,1000%,,,0%,100%,,,,,,,,,,,,,,0%,7%,93%,,,,,
"Purusarth Nagar, Gujarat",India,,Squatting,Asia,25,Valley,In the heart of the city ,Tropical (Type A),,,,,,,,,,,,,,,,82%,18%,100%,0%,100%,0%,,,,,,,,,,,,,,,14%,18%,68%,,,,,,,,,,,,,,"28,090",1.1,,,,,,,,,,,,,,100%,0%,,,63%,38%,,,,,,,,,,,,,,82%,18%,0%,,,,,
"Saurashtra Shrimjivi Nagar, Gujarat",India,,Squatting,Asia,756,Valley,In the heart of the city ,Tropical (Type A),,,,,,,,,,,,,,,,n/d,n/d,0%,2%,0%,0%,,,,,,,,,,,,,,,21%,7%,0%,,,,,,,,,,,,,,"1,105",3.5,,,,,,,,,,,,,,0%,100%,,,n/d,n/d,,,,,,,,,,,,,,2%,22%,76%,,,,,
"Rabari Vas, Gujarat",India,,Squatting,Asia,360,Valley,In the heart of the city ,Tropical (Type A),,,,,,,,,,,,,,,,n/d,n/d,0%,0%,0%,0%,,,,,,,,,,,,,,,3%,60%,0%,,,,,,,,,,,,,,"67,809",2.3,,,,,,,,,,,,,,0%,100%,,,n/d,n/d,,,,,,,,,,,,,,25%,4%,71%,,,,,
"Shrmaik Nagar, Gujarat",India,,Squatting,Asia,460,Valley,In the heart of the city ,Tropical (Type A),,,,,,,,,,,,,,,,97%,3%,79%,6%,87%,4%,,,,,,,,,,,,,,,1%,98%,1%,,,,,,,,,,,,,,"157,642",4.1,,,,,,,,,,,,,,87%,13%,,,44%,56%,,,,,,,,,,,,,,11%,88%,1%,,,,,
"Shubhash Nagar, Gujarat",India,,Squatting,Asia,645,Valley,In the heart of the city ,Tropical (Type A),,,,,,,,,,,,,,,,87%,13%,81%,8%,89%,1%,,,,,,,,,,,,,,,1%,98%,0%,,,,,,,,,,,,,,"160,050",4.6,,,,,,,,,,,,,,85%,15%,,,46%,56%,,,,,,,,,,,,,,9%,89%,2%,,,,,
"Tulsi Nagar, Gujarat",India,,Squatting,Asia,111,Valley,In the heart of the city ,Tropical (Type A),,,,,,,,,,,,,,,,94%,6%,12%,0%,13%,0%,,,,,,,,,,,,,,,4%,10%,0%,,,,,,,,,,,,,,"124,161",6.2,,,,,,,,,,,,,,1%,99%,,,64%,36%,,,,,,,,,,,,,,12%,2%,86%,,,,,
"Bhikha Bhai Juvabhai Na Chapra, Gujarat",India,,Squatting,Asia,626,Valley,In the heart of the city ,Tropical (Type A),,,,,,,,,,,,,,,,25%,75%,30%,9%,33%,0%,,,,,,,,,,,,,,,74%,19%,1%,,,,,,,,,,,,,,"108,286",2.4,,,,,,,,,,,,,,0%,100%,,,60%,40%,,,,,,,,,,,,,,16%,57%,27%,,,,,
"Chndra Nagar Na Chapra, Gujarat",India,,Squatting,Asia,77,Valley,In the heart of the city ,Tropical (Type A),,,,,,,,,,,,,,,,76%,24%,86%,14%,100%,90%,,,,,,,,,,,,,,,0%,100%,0%,,,,,,,,,,,,,,"104,195",3.7,,,,,,,,,,,,,,100%,0%,,,47%,53%,,,,,,,,,,,,,,10%,86%,5%,,,,,
"Desai Vas, Gujarat",India,,Squatting,Asia,221,Valley,In the heart of the city ,Tropical (Type A),,,,,,,,,,,,,,,,99%,1%,98%,2%,97%,1%,,,,,,,,,,,,,,,67%,33%,0%,,,,,,,,,,,,,,"1,834",2.4,,,,,,,,,,,,,,76%,24%,,,42%,58%,,,,,,,,,,,,,,21%,77%,2%,,,,,
"Gupta Nagar Na Chapra, Gujarat",India,,Squatting,Asia,"9,965",Valley,In the heart of the city ,Tropical (Type A),,,,,,,,,,,,,,,,81%,19%,75%,14%,72%,10%,,,,,,,,,,,,,,,13%,83%,2%,,,,,,,,,,,,,,"86,852",3.4,,,,,,,,,,,,,,80%,20%,,,42%,58%,,,,,,,,,,,,,,34%,56%,10%,,,,,
"Indira Nagar, Gujarat",India,,Squatting,Asia,121,Valley,In the heart of the city ,Tropical (Type A),,,,,,,,,,,,,,,,100%,0%,100%,0%,100%,0%,,,,,,,,,,,,,,,44%,56%,0%,,,,,,,,,,,,,,"88,580",4.5,,,,,,,,,,,,,,100%,0%,,,52%,48%,,,,,,,,,,,,,,59%,41%,0%,,,,,
"Jadiba Nagar Na Chapra, Gujarat",India,,Squatting,Asia,558,Valley,In the heart of the city ,Tropical (Type A),,,,,,,,,,,,,,,,86%,14%,82%,10%,60%,1%,,,,,,,,,,,,,,,3%,88%,1%,,,,,,,,,,,,,,"91,057",3.8,,,,,,,,,,,,,,85%,15%,,,46%,54%,,,,,,,,,,,,,,82%,10%,8%,,,,,
"Malav Talav Chamunda Nagar, Gujarat",India,,Squatting,Asia,971,Valley,In the heart of the city ,Tropical (Type A),,,,,,,,,,,,,,,,67%,33%,89%,2%,86%,4%,,,,,,,,,,,,,,,30%,53%,15%,,,,,,,,,,,,,,"125,908",3.9,,,,,,,,,,,,,,94%,6%,,,54%,46%,,,,,,,,,,,,,,22%,72%,6%,,,,,
"Mangal Talva Na Chapra, Gujarat",India,,Squatting,Asia,"2,189",Valley,In the heart of the city ,Tropical (Type A),,,,,,,,,,,,,,,,63%,37%,61%,29%,87%,0%,,,,,,,,,,,,,,,2%,89%,6%,,,,,,,,,,,,,,"83,042",4.1,,,,,,,,,,,,,,93%,7%,,,45%,55%,,,,,,,,,,,,,,11%,84%,5%,,,,,
"Om Nagar Na Chhapra, Gujarat",India,,Squatting,Asia,"4,520",Valley,In the heart of the city ,Tropical (Type A),,,,,,,,,,,,,,,,n/d,n/d,28%,55%,93%,77%,,,,,,,,,,,,,,,43%,49%,8%,,,,,,,,,,,,,,"137,918",6.7,,,,,,,,,,,,,,n/d,n/d,,,51%,49%,,,,,,,,,,,,,,n/d,n/d,n/d,,,,,
"Rabari Vado (Khodiyar Park Thakorvas), Gujarat",India,,Squatting,Asia,142,Valley,In the heart of the city ,Tropical (Type A),,,,,,,,,,,,,,,,19%,81%,81%,0%,77%,26%,,,,,,,,,,,,,,,0%,94%,3%,,,,,,,,,,,,,,"185,621",4.6,,,,,,,,,,,,,,100%,0%,,,45%,55%,,,,,,,,,,,,,,65%,35%,0%,,,,,
"Rajiv Nagar, Gujarat",India,,Squatting,Asia,n/d,Valley,In the heart of the city ,Tropical (Type A),,,,,,,,,,,,,,,,70%,30%,28%,18%,45%,15%,,,,,,,,,,,,,,,50%,49%,1%,,,,,,,,,,,,,,n/d,3.4,,,,,,,,,,,,,,n/d,n/d,,,46%,54%,,,,,,,,,,,,,,n/d,n/d,n/d,,,,,
"Rampura Gam's Chapra, Gujarat",India,,Squatting,Asia,116,Valley,In the heart of the city ,Tropical (Type A),,,,,,,,,,,,,,,,85%,15%,80%,12%,20%,29%,,,,,,,,,,,,,,,2%,88%,5%,,,,,,,,,,,,,,"36,398",2.8,,,,,,,,,,,,,,98%,2%,,,43%,57%,,,,,,,,,,,,,,56%,39%,5%,,,,,
"Sorai Nagar Na Chapra, Gujarat",India,,Squatting,Asia,"3,823",Valley,In the heart of the city ,Tropical (Type A),,,,,,,,,,,,,,,,56%,44%,67%,15%,73%,36%,,,,,,,,,,,,,,,25%,64%,6%,,,,,,,,,,,,,,"100,828",4.1,,,,,,,,,,,,,,83%,17%,,,46%,54%,,,,,,,,,,,,,,30%,54%,16%,,,,,
"Soneshwar Nagar Na Chapra, Gujarat",India,,Squatting,Asia,"2,641",Valley,In the heart of the city ,Tropical (Type A),,,,,,,,,,,,,,,,75%,25%,70%,24%,92%,3%,,,,,,,,,,,,,,,25%,72%,0%,,,,,,,,,,,,,,"80,322",4,,,,,,,,,,,,,,96%,4%,,,47%,53%,,,,,,,,,,,,,,37%,59%,5%,,,,,
"Sompura Na Chapra, Gujarat",India,,Squatting,Asia,345,Valley,In the heart of the city ,Tropical (Type A),,,,,,,,,,,,,,,,80%,20%,74%,16%,90%,79%,,,,,,,,,,,,,,,24%,66%,0%,,,,,,,,,,,,,,"63,338",3.2,,,,,,,,,,,,,,84%,16%,,,51%,49%,,,,,,,,,,,,,,31%,56%,13%,,,,,
"Tajbibi Badshah Khan Na Chapra, Gujarat",India,,Squatting,Asia,90,Valley,In the heart of the city ,Tropical (Type A),,,,,,,,,,,,,,,,84%,16%,74%,21%,68%,0%,,,,,,,,,,,,,,,0%,84%,16%,,,,,,,,,,,,,,"117,035",4.7,,,,,,,,,,,,,,89%,11%,,,41%,59%,,,,,,,,,,,,,,21%,74%,5%,,,,,
"Vallabh Nagar Na Chapra, Gujarat",India,,Squatting,Asia,61,Valley,In the heart of the city ,Tropical (Type A),,,,,,,,,,,,,,,,36%,64%,59%,27%,5%,64%,,,,,,,,,,,,,,,5%,73%,23%,,,,,,,,,,,,,,"71,765",2.8,,,,,,,,,,,,,,100%,0%,,,43%,57%,,,,,,,,,,,,,,73%,0%,27%,,,,,
"Yogeshwar Na Chapra, Gujarat",India,,Squatting,Asia,"3,473",Valley,In the heart of the city ,Tropical (Type A),,,,,,,,,,,,,,,,71%,29%,84%,13%,86%,8%,,,,,,,,,,,,,,,11%,88%,1%,,,,,,,,,,,,,,"93,731",4.1,,,,,,,,,,,,,,93%,7%,,,43%,57%,,,,,,,,,,,,,,36%,51%,13%,,,,,
"Sukai Ni Chali, Gujarat",India,,Squatting,Asia,505,Valley,In the heart of the city ,Tropical (Type A),,,,,,,,,,,,,,,,5%,96%,13%,3%,16%,0%,,,,,,,,,,,,,,,0%,53%,0%,,,,,,,,,,,,,,"99,724",3.4,,,,,,,,,,,,,,0%,100%,,,n/d,n/d,,,,,,,,,,,,,,0%,53%,47%,,,,,
"Thakorvas, Gujarat",India,,Squatting,Asia,337,Valley,In the heart of the city ,Tropical (Type A),,,,,,,,,,,,,,,,3%,97%,5%,5%,5%,0%,,,,,,,,,,,,,,,0%,45%,0%,,,,,,,,,,,,,,"78,665",2.8,,,,,,,,,,,,,,0%,100%,,,n/d,n/d,,,,,,,,,,,,,,2%,7%,90%,,,,,
"Sursang Ni Chali, Gujarat",India,,Squatting,Asia,149,Valley,In the heart of the city ,Tropical (Type A),,,,,,,,,,,,,,,,3%,97%,7%,7%,14%,0%,,,,,,,,,,,,,,,0%,56%,0%,,,,,,,,,,,,,,"94,066",2.5,,,,,,,,,,,,,,0%,100%,,,n/d,n/d,,,,,,,,,,,,,,0%,47%,53%,,,,,
"Hargovan Ni Chali, Gujarat",India,,Squatting,Asia,115,Valley,In the heart of the city ,Tropical (Type A),,,,,,,,,,,,,,,,15%,85%,16%,19%,36%,0%,,,,,,,,,,,,,,,0%,40%,0%,,,,,,,,,,,,,,"78,713",1.7,,,,,,,,,,,,,,0%,100%,,,0%,100%,,,,,,,,,,,,,,43%,0%,57%,,,,,
"Bhurabhai Ni Chali, Gujarat",India,,Squatting,Asia,76,Valley,In the heart of the city ,Tropical (Type A),,,,,,,,,,,,,,,,44%,56%,44%,0%,44%,0%,,,,,,,,,,,,,,,0%,53%,0%,,,,,,,,,,,,,,"107,801",2.1,,,,,,,,,,,,,,0%,100%,,,n/d,n/d,,,,,,,,,,,,,,3%,44%,53%,,,,,
"Shakti Nagar, Gujarat",India,,Squatting,Asia,88,Valley,In the heart of the city ,Tropical (Type A),,,,,,,,,,,,,,,,45%,55%,10%,28%,45%,0%,,,,,,,,,,,,,,,0%,45%,0%,,,,,,,,,,,,,,"109,726",2.8,,,,,,,,,,,,,,0%,100%,,,n/d,n/d,,,,,,,,,,,,,,97%,3%,,,,,,
"Surabhai Ni Chali, Gujarat",India,,Squatting,Asia,105,Valley,In the heart of the city ,Tropical (Type A),,,,,,,,,,,,,,,,0%,100%,0%,0%,0%,0%,,,,,,,,,,,,,,,0%,32%,0%,,,,,,,,,,,,,,"126,202",2.8,,,,,,,,,,,,,,0%,100%,,,20%,80%,,,,,,,,,,,,,,11%,16%,73%,,,,,
"Poonam Party Plot Na Chapra, Gujarat",India,,Squatting,Asia,15,Valley,In the heart of the city ,Tropical (Type A),,,,,,,,,,,,,,,,0%,100%,0%,100%,93%,0%,,,,,,,,,,,,,,,0%,100%,0%,,,,,,,,,,,,,,"49,669",1.1,,,,,,,,,,,,,,0%,100%,,,n/d,n/d,,,,,,,,,,,,,,0%,100%,0%,,,,,
"Chndrabhaga Nagar (Kadiya Ni Chali), Gujarat",India,,Squatting,Asia,317,Valley,In the heart of the city ,Tropical (Type A),,,,,,,,,,,,,,,,62%,38%,18%,5%,23%,45%,,,,,,,,,,,,,,,0%,97%,2%,,,,,,,,,,,,,,"126,345",4.8,,,,,,,,,,,,,,95%,5%,,,51%,49%,,,,,,,,,,,,,,32%,32%,36%,,,,,
"Gangeshwar Mahadev Na Chapra, Gujarat",India,,Squatting,Asia,365,Valley,In the heart of the city ,Tropical (Type A),,,,,,,,,,,,,,,,43%,57%,69%,5%,64%,28%,,,,,,,,,,,,,,,48%,49%,3%,,,,,,,,,,,,,,"106,321",3.7,,,,,,,,,,,,,,90%,10%,,,45%,55%,,,,,,,,,,,,,,26%,72%,2%,,,,,
"Gurudwara's Chapra, Gujarat",India,,Squatting,Asia,342,Valley,In the heart of the city ,Tropical (Type A),,,,,,,,,,,,,,,,96%,4%,50%,47%,13%,88%,,,,,,,,,,,,,,,1%,96%,1%,,,,,,,,,,,,,,"124,316",4.5,,,,,,,,,,,,,,97%,3%,,,49%,51%,,,,,,,,,,,,,,22%,51%,26%,,,,,
"Mevaram Na Chapra, Gujarat",India,,Squatting,Asia,250,Valley,In the heart of the city ,Tropical (Type A),,,,,,,,,,,,,,,,92%,8%,92%,0%,23%,0%,,,,,,,,,,,,,,,29%,54%,9%,,,,,,,,,,,,,,"77,712",3.8,,,,,,,,,,,,,,78%,22%,,,48%,52%,,,,,,,,,,,,,,2%,85%,14%,,,,,
"Parvati Nagar, Gujarat",India,,Squatting,Asia,841,Valley,In the heart of the city ,Tropical (Type A),,,,,,,,,,,,,,,,99%,1%,87%,11%,89%,2%,,,,,,,,,,,,,,,12%,77%,11%,,,,,,,,,,,,,,"71,615",4.1,,,,,,,,,,,,,,88%,12%,,,49%,51%,,,,,,,,,,,,,,43%,52%,4%,,,,,
"Ramdev Nagar, Gujarat",India,,Squatting,Asia,649,Valley,In the heart of the city ,Tropical (Type A),,,,,,,,,,,,,,,,86%,14%,67%,30%,19%,72%,,,,,,,,,,,,,,,7%,93%,0%,,,,,,,,,,,,,,"71,744",3.1,,,,,,,,,,,,,,95%,5%,,,44%,56%,,,,,,,,,,,,,,10%,90%,0%,,,,,
"Vishwakarma Mandir Na Chapra, Gujarat",India,,Squatting,Asia,493,Valley,In the heart of the city ,Tropical (Type A),,,,,,,,,,,,,,,,33%,67%,36%,2%,34%,58%,,,,,,,,,,,,,,,2%,91%,0%,,,,,,,,,,,,,,"114,332",4,,,,,,,,,,,,,,89%,11%,,,45%,55%,,,,,,,,,,,,,,68%,23%,0%,,,,,
"Talavdi Na Chapra II,Gujarat",India,,Squatting,Asia,"1,450",Valley,In the heart of the city ,Tropical (Type A),,,,,,,,,,,,,,,,70%,30%,71%,5%,87%,8%,,,,,,,,,,,,,,,10%,88%,0%,,,,,,,,,,,,,,"82,995",2,,,,,,,,,,,,,,93%,7%,,,46%,54%,,,,,,,,,,,,,,32%,59%,10%,,,,,
"Asha Nagar, Gujarat",India,,Squatting,Asia,300,Valley,In the heart of the city ,Tropical (Type A),,,,,,,,,,,,,,,,86%,14%,71%,12%,92%,0%,,,,,,,,,,,,,,,38%,55%,2%,,,,,,,,,,,,,,"138,122",4.5,,,,,,,,,,,,,,89%,11%,,,50%,50%,,,,,,,,,,,,,,8%,85%,8%,,,,,
"Ashram Na Chapra, Gujarat",India,,Squatting,Asia,171,Valley,In the heart of the city ,Tropical (Type A),,,,,,,,,,,,,,,,52%,48%,52%,26%,94%,80%,,,,,,,,,,,,,,,8%,48%,44%,,,,,,,,,,,,,,"289,786",3.4,,,,,,,,,,,,,,86%,14%,,,54%,46%,,,,,,,,,,,,,,24%,0%,76%,,,,,
"Chaganbhai Na Chapra, Gujarat",India,,Squatting,Asia,488,Valley,In the heart of the city ,Tropical (Type A),,,,,,,,,,,,,,,,76%,24%,76%,18%,83%,73%,,,,,,,,,,,,,,,37%,48%,14%,,,,,,,,,,,,,,"144,165",4.3,,,,,,,,,,,,,,87%,13%,,,51%,49%,,,,,,,,,,,,,,4%,83%,12%,,,,,
"Chamunda Nagar, Gujarat",India,,Squatting,Asia,"1,363",Valley,In the heart of the city ,Tropical (Type A),,,,,,,,,,,,,,,,31%,69%,39%,9%,68%,40%,,,,,,,,,,,,,,,2%,75%,11%,,,,,,,,,,,,,,"151,159",3.6,,,,,,,,,,,,,,78%,22%,,,47%,53%,,,,,,,,,,,,,,9%,76%,14%,,,,,
"Sant Rohidas Ni Chali, Gujarat",India,,Squatting,Asia,473,Valley,In the heart of the city ,Tropical (Type A),,,,,,,,,,,,,,,,74%,26%,83%,5%,63%,18%,,,,,,,,,,,,,,,2%,85%,2%,,,,,,,,,,,,,,"133,052",4.3,,,,,,,,,,,,,,85%,15%,,,n/d,n/d,,,,,,,,,,,,,,16%,33%,51%,,,,,
"Betalish Ni Chali, Gujarat",India,,Squatting,Asia,381,Valley,In the heart of the city ,Tropical (Type A),,,,,,,,,,,,,,,,6%,94%,5%,3%,5%,4%,,,,,,,,,,,,,,,0%,88%,0%,,,,,,,,,,,,,,"158,288",4.9,,,,,,,,,,,,,,86%,14%,,,n/d,n/d,,,,,,,,,,,,,,0%,88%,12%,,,,,
"Juna Chamunda Nagar, Gujarat",India,,Squatting,Asia,517,Valley,In the heart of the city ,Tropical (Type A),,,,,,,,,,,,,,,,55%,45%,75%,2%,77%,72%,,,,,,,,,,,,,,,0%,77%,1%,,,,,,,,,,,,,,"192,838",4.5,,,,,,,,,,,,,,69%,31%,,,n/d,n/d,,,,,,,,,,,,,,2%,75%,23%,,,,,
"Ahematji Maharaj Ni Chali, Gujarat",India,,Squatting,Asia,682,Valley,In the heart of the city ,Tropical (Type A),,,,,,,,,,,,,,,,3%,97%,38%,14%,27%,49%,,,,,,,,,,,,,,,2%,61%,5%,,,,,,,,,,,,,,"52,511",3.9,,,,,,,,,,,,,,64%,36%,,,44%,56%,,,,,,,,,,,,,,5%,61%,34%,,,,,
"Vanjara Vas, Gujarat",India,,Squatting,Asia,168,Valley,In the heart of the city ,Tropical (Type A),,,,,,,,,,,,,,,,0%,100%,67%,9%,0%,0%,,,,,,,,,,,,,,,0%,76%,0%,,,,,,,,,,,,,,"152,312",3.7,,,,,,,,,,,,,,70%,30%,,,n/d,n/d,,,,,,,,,,,,,,15%,26%,59%,,,,,
"Vankar Vas, Gujarat",India,,Squatting,Asia,372,Valley,In the heart of the city ,Tropical (Type A),,,,,,,,,,,,,,,,34%,66%,77%,0%,50%,36%,,,,,,,,,,,,,,,2%,33%,43%,,,,,,,,,,,,,,"125,295",3.7,,,,,,,,,,,,,,76%,24%,,,41%,59%,,,,,,,,,,,,,,7%,69%,24%,,,,,
Few Parts of Machar Colony,Pakistan,"24°51'41.1""N 66°58'46.2""E",,Asia,,,,,,,,,,,,,,,,,,,,,,,,,,,,,,,,,,,,,,,,,,,,,,,,,,,,,,,,,,,,,,,,,,,,,,,,,,,,,,,,,,,,,,,,,,,,,,,,,
Orangi Town,Pakistan,"24°57'25.0""N 67°00'09.3""E",Squatting,Asia,"15,741,406",Mountain,In the heart of the city ,Temperate (Type C),,Monsoons periods with floodings,"insecure, insurgency and terrorism",,,,,,,,,,,,,,x,,x,,,x,x,x,x,,,x,,,,,,x,,,,,,,,,,,,,Established,,,x,,"6,000",8,,,People consider the streets as part of their homes. They mantain and clean the sewers,Dependant from developed areas,,,Slum of hope,,,People take care of common areas,,,,,,Land subdivided and sold to the poor. Informal trade,Yes,,,,,,,,,,,,,,,,,,,,,,,
"Bagong Silangan, Quezon City",Philippines,"14°41'51.9""N 121°06'33.5""E",,Asia,,,,,,,,,,,,,,,,,,,,,,,,,,,,,,,,,,,,,,,,,,,,,,,,,,,,,,,,,,,,,,,,,,,,,,,,,,,,,,,,,,,,,,,,,,,,,,,,,
"Batasan Hills, Quezon City",Philippines,"14°41'04.4""N 121°05'59.5""E",,Asia,,,,,,,,,,,,,,,,,,,,,,,,,,,,,,,,,,,,,,,,,,,,,,,,,,,,,,,,,,,,,,,,,,,,,,,,,,,,,,,,,,,,,,,,,,,,,,,,,
"Payatas, Quezon City",Philippines,"14°42'03.8""N 121°05'54.6""E",,Asia,,,,,,,,,,,,,,,,,,,,,,,,,,,,,,,,,,,,,,,,,,,,,,,,,,,,,,,,,,,,,,,,,,,,,,,,,,,,,,,,,,,,,,,,,,,,,,,,,
"Baseco Compound (Engineer's Island), City of Manila",Philippines,"14°35'24.3""N 120°57'27.8""E",,Asia,,,,,,,,,,,,,,,,,,,,,,,,,,,,,,,,,,,,,,,,,,,,,,,,,,,,,,,,,,,,,,,,,,,,,,,,,,,,,,,,,,,,,,,,,,,,,,,,,
"San Andres, City of Manila",Philippines,"14°34'17.4""N 121°00'26.5""E",,Asia,,,,,,,,,,,,,,,,,,,,,,,,,,,,,,,,,,,,,,,,,,,,,,,,,,,,,,,,,,,,,,,,,,,,,,,,,,,,,,,,,,,,,,,,,,,,,,,,,
"Tondo, City of Manila",Philippines,"14°35'49.3""N 120°57'29.6""E",Squatting,Asia,"600,000",Coastal,Suburban industrial areas ,Tropical (Type A),Sea level rise,"from cyclones, earthquakes, floods, landslides, tsunamis, volcanic eruptions, and wildfires",High,,,,,,,,,,,,,x,,x,,,,,x,x,,,,x,,x,x,,x,x,,Suitable,,,,,,,,,,,Established,,4-Mar,,,"80,000",4.7,,,,,,,,,,,,,,,,,,,,,,,,,,,,,,,,,,,,,,,,
"Addition Hills, Mandaluyong",Philippines,"14°34'53.7""N 121°02'07.8""E",,Asia,,,,,,,,,,,,,,,,,,,,,,,,,,,,,,,,,,,,,,,,,,,,,,,,,,,,,,,,,,,,,,,,,,,,,,,,,,,,,,,,,,,,,,,,,,,,,,,,,
Maligawatte,Sri Lanka,"6°56'12.4""N 79°52'05.8""E",,Asia,,,,,,,,,,,,,,,,,,,,,,,,,,,,,,,,,,,,,,,,,,,,,,,,,,,,,,,,,,,,,,,,,,,,,,,,,,,,,,,,,,,,,,,,,,,,,,,,,
Usavi Watta (Usaui Walta),Sri Lanka,"6°40'26.5""N 81°06'45.2""E",,Asia,,,,,,,,,,,,,,,,,,,,,,,,,,,,,,,,,,,,,,,,,,,,,,,,,,,,,,,,,,,,,,,,,,,,,,,,,,,,,,,,,,,,,,,,,,,,,,,,,
Wanathamulla,Sri Lanka,"6°55'29.9""N 79°53'02.8""E",,Asia,,,,,,,,,,,,,,,,,,,,,,,,,,,,,,,,,,,,,,,,,,,,,,,,,,,,,,,,,,,,,,,,,,,,,,,,,,,,,,,,,,,,,,,,,,,,,,,,,
Khlong Toei,Thailand,"13°42'39.7""N 100°33'44.2""E",,Asia,,,,,,,,,,,,,,,,,,,,,,,,,,,,,,,,,,,,,,,,,,,,,,,,,,,,,,,,,,,,,,,,,,,,,,,,,,,,,,,,,,,,,,,,,,,,,,,,,
"Stolipinovo, Plovdiv",Bulgaria,"42°09'12.1""N 24°47'04.0""E",,Europe,,,,,,,,,,,,,,,,,,,,,,,,,,,,,,,,,,,,,,,,,,,,,,,,,,,,,,,,,,,,,,,,,,,,,,,,,,,,,,,,,,,,,,,,,,,,,,,,,
Fakulteta,Bulgaria,"42°41'58.1""N 23°16'20.7""E",,Europe,,,,,,,,,,,,,,,,,,,,,,,,,,,,,,,,,,,,,,,,,,,,,,,,,,,,,,,,,,,,,,,,,,,,,,,,,,,,,,,,,,,,,,,,,,,,,,,,,
Baracche of Messina,Italy,"38°10'16.2""N 15°31'57.3""E",,Europe,,,,,,,,,,,,,,,,,,,,,,,,,,,,,,,,,,,,,,,,,,,,,,,,,,,,,,,,,,,,,,,,,,,,,,,,,,,,,,,,,,,,,,,,,,,,,,,,,
Gorbals,Scotland,No,,Europe,,,,,,,,,,,,,,,,,,,,,,,,,,,,,,,,,,,,,,,,,,,,,,,,,,,,,,,,,,,,,,,,,,,,,,,,,,,,,,,,,,,,,,,,,,,,,,,,,
Cañada Real,Spain,"40°24'19.4""N 3°32'41.7""W",Squatting,Europe,,Valley,Suburban industrial areas ,Arid (Type B),,,,,,,,,,,,,,,,,,,,,,,,,,,,,,,,,,,,,,,,,,,,,,,,,,,,,,,,,,,,,,,,,,,,,,,,,,,,,,,,,,,,,,,,,,,,,
Sultanbeyli,Turkey,"40°56'27.1""N 29°17'36.7""E",,Europe,,,,,,,,,,,,,,,,,,,,,,,,,,,,,,,,,,,,,,,,,,,,,,,,,,,,,,,,,,,,,,,,,,,,,,,,,,,,,,,,,,,,,,,,,,,,,,,,,
Çinçin,Turkey,"39°56'54.7""N 32°52'04.5""E",,Europe,,,,,,,,,,,,,,,,,,,,,,,,,,,,,,,,,,,,,,,,,,,,,,,,,,,,,,,,,,,,,,,,,,,,,,,,,,,,,,,,,,,,,,,,,,,,,,,,,
Hacıhüsrev,Turkey,"41°02'25.0""N 28°58'09.9""E",,Europe,,,,,,,,,,,,,,,,,,,,,,,,,,,,,,,,,,,,,,,,,,,,,,,,,,,,,,,,,,,,,,,,,,,,,,,,,,,,,,,,,,,,,,,,,,,,,,,,,
Mahwa Aser,Yemen,"15°20'41.7""N 44°10'46.9""E",,Asia,,,,,,,,,,,,,,,,,,,,,,,,,,,,,,,,,,,,,,,,,,,,,,,,,,,,,,,,,,,,,,,,,,,,,,,,,,,,,,,,,,,,,,,,,,,,,,,,,
Cité Soleil,Haiti,"18°34'47.6""N 72°20'19.1""W",,North America,,,,,,,,,,,,,,,,,,,,,,,,,,,,,,,,,,,,,,,,,,,,,,,,,,,,,,,,,,,,,,,,,,,,,,,,,,,,,,,,,,,,,,,,,,,,,,,,,
Trenchtown,Jamaica,"17°59'09.9""N 76°48'33.2""W",,North America,,,,,,,,,,,,,,,,,,,,,,,,,,,,,,,,,,,,,,,,,,,,,,,,,,,,,,,,,,,,,,,,,,,,,,,,,,,,,,,,,,,,,,,,,,,,,,,,,
Neza-Chalco-Ixta,Mexico,"19°16'12.1""N 98°53'57.5""W",Squatting,North America,"1,100,000",Valley,Suburban industrial areas ,Temperate (Type C),,Floods,Very insecure. One of the highest crime rates in Mexico,,,,,,,,,,,,,x,,x,,,,x,x,,x,,,,x,x,,,x,x,https://www.citylab.com/equity/2017/06/how-a-slum-became-a-city/529488/,Optimal,,,,,,,,,,,Established,http://www.metroscubicos.com/precios/estado-de-mexico/nezahualcoyotl,2,,,36,4.3,75%,65%,90%,45%,"75% (drug, gangs...)",85%,Low 40%,65%,45%,45%,70%,High unemployment rate 80%,Most of the jobs at the Informal sector,,,,yes,,,25%,25%,20%,15%,10%,5%,5%,,,95%,,between 1 to 2 dollars per day,,,,,,,x,,
La Perla,Puerto Rico,"18°28'07.6""N 66°06'58.7""W",,North America,,,,,,,,,,,,,,,,,,,,,,,,,,,,,,,,,,,,,,,,,,,,,,,,,,,,,,,,,,,,,,,,,,,,,,,,,,,,,,,,,,,,,,,,,,,,,,,,,
"Colonias, Texas",United States,"28°43'20.2""N 99°49'51.2""W",,North America,,,,,,,,,,,,,,,,,,,,,,,,,,,,,,,,,,,,,,,,,,,,,,,,,,,,,,,,,,,,,,,,,,,,,,,,,,,,,,,,,,,,,,,,,,,,,,,,,
Villa 21-24,Argentina,"34°39'17.6""S 58°23'55.2""W",,South America,,,,,,,,,,,,,,,,,,,,,,,,,,,,,,,,,,,,,,,,,,,,,,,,,,,,,,,,,,,,,,,,,,,,,,,,,,,,,,,,,,,,,,,,,,,,,,,,,
Villa 26,Argentina,"34°39'26.6""S 58°22'52.9""W",,South America,,,,,,,,,,,,,,,,,,,,,,,,,,,,,,,,,,,,,,,,,,,,,,,,,,,,,,,,,,,,,,,,,,,,,,,,,,,,,,,,,,,,,,,,,,,,,,,,,
Villa 31,Argentina,"34°35'02.9""S 58°22'41.1""W",,South America,,,,,,,,,,,,,,,,,,,,,,,,,,,,,,,,,,,,,,,,,,,,,,,,,,,,,,,,,,,,,,,,,,,,,,,,,,,,,,,,,,,,,,,,,,,,,,,,,
"Villa 13 bis, Buenos Aires",Argentina,"34°34'51.6""S 58°23'12.2""W",,South America,,,,,,,,,,,,,,,,,,,,,,,,,,,,,,,,,,,,,,,,,,,,,,,,,,,,,,,,,,,,,,,,,,,,,,,,,,,,,,,,,,,,,,,,,,,,,,,,,
Villa 1-11-14,Argentina,"34°38'59.0""S 58°26'26.6""W",,South America,,,,,,,,,,,,,,,,,,,,,,,,,,,,,,,,,,,,,,,,,,,,,,,,,,,,,,,,,,,,,,,,,,,,,,,,,,,,,,,,,,,,,,,,,,,,,,,,,
Villa Zabaleta,Argentina,"34°39'19.0""S 58°23'45.5""W",,South America,,,,,,,,,,,,,,,,,,,,,,,,,,,,,,,,,,,,,,,,,,,,,,,,,,,,,,,,,,,,,,,,,,,,,,,,,,,,,,,,,,,,,,,,,,,,,,,,,
"Villa 20, Buenos Aires",Argentina,"34°40'26.5""S 58°27'54.4""W",,South America,,,,,,,,,,,,,,,,,,,,,,,,,,,,,,,,,,,,,,,,,,,,,,,,,,,,,,,,,,,,,,,,,,,,,,,,,,,,,,,,,,,,,,,,,,,,,,,,,
"Villa 19, Buenos Aires",Argentina,,,South America,,,,,,,,,,,,,,,,,,,,,,,,,,,,,,,,,,,,,,,,,,,,,,,,,,,,,,,,,,,,,,,,,,,,,,,,,,,,,,,,,,,,,,,,,,,,,,,,,
"Villa 17, Buenos Aire",Argentina,"34°22'03.3""S 58°52'14.0""W",,South America,,,,,,,,,,,,,,,,,,,,,,,,,,,,,,,,,,,,,,,,,,,,,,,,,,,,,,,,,,,,,,,,,,,,,,,,,,,,,,,,,,,,,,,,,,,,,,,,,
"Villa 16, Buenos Aires",Argentina,,,South America,,,,,,,,,,,,,,,,,,,,,,,,,,,,,,,,,,,,,,,,,,,,,,,,,,,,,,,,,,,,,,,,,,,,,,,,,,,,,,,,,,,,,,,,,,,,,,,,,
"Ciudad Oculta, Buenos Aires",Argentina,"34°40'18.5""S 58°29'26.5""W",,South America,,,,,,,,,,,,,,,,,,,,,,,,,,,,,,,,,,,,,,,,,,,,,,,,,,,,,,,,,,,,,,,,,,,,,,,,,,,,,,,,,,,,,,,,,,,,,,,,,
"Villa 6, Buenos Aires",Argentina,,,South America,,,,,,,,,,,,,,,,,,,,,,,,,,,,,,,,,,,,,,,,,,,,,,,,,,,,,,,,,,,,,,,,,,,,,,,,,,,,,,,,,,,,,,,,,,,,,,,,,
"Villa 3, Buenos Aires",Argentina,,,South America,,,,,,,,,,,,,,,,,,,,,,,,,,,,,,,,,,,,,,,,,,,,,,,,,,,,,,,,,,,,,,,,,,,,,,,,,,,,,,,,,,,,,,,,,,,,,,,,,
"Villa Dulce, Buenos Aires",Argentina,,,South America,,,,,,,,,,,,,,,,,,,,,,,,,,,,,,,,,,,,,,,,,,,,,,,,,,,,,,,,,,,,,,,,,,,,,,,,,,,,,,,,,,,,,,,,,,,,,,,,,
"Av. Eva Perón, Buenos Aires",Argentina,,,South America,,,,,,,,,,,,,,,,,,,,,,,,,,,,,,,,,,,,,,,,,,,,,,,,,,,,,,,,,,,,,,,,,,,,,,,,,,,,,,,,,,,,,,,,,,,,,,,,,
"Calacita, Buenos Aires",Argentina,,,South America,,,,,,,,,,,,,,,,,,,,,,,,,,,,,,,,,,,,,,,,,,,,,,,,,,,,,,,,,,,,,,,,,,,,,,,,,,,,,,,,,,,,,,,,,,,,,,,,,
"Los Piletones, Buenos Aires",Argentina,"34°39'48.1""S 58°27'14.7""W",,South America,,,,,,,,,,,,,,,,,,,,,,,,,,,,,,,,,,,,,,,,,,,,,,,,,,,,,,,,,,,,,,,,,,,,,,,,,,,,,,,,,,,,,,,,,,,,,,,,,
"Reserva Ecologica, Buenos Aires",Argentina,,,South America,,,,,,,,,,,,,,,,,,,,,,,,,,,,,,,,,,,,,,,,,,,,,,,,,,,,,,,,,,,,,,,,,,,,,,,,,,,,,,,,,,,,,,,,,,,,,,,,,
"ex-AU7, Buenos Aires",Argentina,,,South America,,,,,,,,,,,,,,,,,,,,,,,,,,,,,,,,,,,,,,,,,,,,,,,,,,,,,,,,,,,,,,,,,,,,,,,,,,,,,,,,,,,,,,,,,,,,,,,,,
Villa Rodrigo Bueno,Argentina,"34°37'08.5""S 58°21'14.3""W",,South America,,,,,,,,,,,,,,,,,,,,,,,,,,,,,,,,,,,,,,,,,,,,,,,,,,,,,,,,,,,,,,,,,,,,,,,,,,,,,,,,,,,,,,,,,,,,,,,,,
"Maré Complex, Rio de Janeiro",Brazil,"22°51'45.3""S 43°14'27.1""W",,South America,,,,,,,,,,,,,,,,,,,,,,,,,,,,,,,,,,,,,,,,,,,,,,,,,,,,,,,,,,,,,,,,,,,,,,,,,,,,,,,,,,,,,,,,,,,,,,,,,
"Acari, Rio de Janeiro",Brazil,"22°49'29.3""S 43°20'29.7""W",,South America,,,,,,,,,,,,,,,,,,,,,,,,,,,,,,,,,,,,,,,,,,,,,,,,,,,,,,,,,,,,,,,,,,,,,,,,,,,,,,,,,,,,,,,,,,,,,,,,,
Cidade de Deus,Brazil,"22°57'00.2""S 43°21'36.1""W",,South America,,,,,,,,,,,,,,,,,,,,,,,,,,,,,,,,,,,,,,,,,,,,,,,,,,,,,,,,,,,,,,,,,,,,,,,,,,,,,,,,,,,,,,,,,,,,,,,,,
Complexo do Alemão,Brazil,"22°51'35.5""S 43°16'25.9""W",,South America,,,,,,,,,,,,,,,,,,,,,,,,,,,,,,,,,,,,,,,,,,,,,,,,,,,,,,,,,,,,,,,,,,,,,,,,,,,,,,,,,,,,,,,,,,,,,,,,,
Dona Marta,Brazil,"22°56'52.3""S 43°11'39.2""W",,South America,,,,,,,,,,,,,,,,,,,,,,,,,,,,,,,,,,,,,,,,,,,,,,,,,,,,,,,,,,,,,,,,,,,,,,,,,,,,,,,,,,,,,,,,,,,,,,,,,
Jacarezinho,Brazil,"22°53'19.7""S 43°15'39.4""W",,South America,,,,,,,,,,,,,,,,,,,,,,,,,,,,,,,,,,,,,,,,,,,,,,,,,,,,,,,,,,,,,,,,,,,,,,,,,,,,,,,,,,,,,,,,,,,,,,,,,
Mangueira,Brazil,"22°54'17.8""S 43°14'15.1""W",,South America,,,,,,,,,,,,,,,,,,,,,,,,,,,,,,,,,,,,,,,,,,,,,,,,,,,,,,,,,,,,,,,,,,,,,,,,,,,,,,,,,,,,,,,,,,,,,,,,,
Manguinhos,Brazil,"22°52'52.9""S 43°15'04.4""W",,South America,,,,,,,,,,,,,,,,,,,,,,,,,,,,,,,,,,,,,,,,,,,,,,,,,,,,,,,,,,,,,,,,,,,,,,,,,,,,,,,,,,,,,,,,,,,,,,,,,
Morro da Babilônia,Brazil,"22°57'37.9""S 43°10'02.5""W",,South America,,,,,,,,,,,,,,,,,,,,,,,,,,,,,,,,,,,,,,,,,,,,,,,,,,,,,,,,,,,,,,,,,,,,,,,,,,,,,,,,,,,,,,,,,,,,,,,,,
Rocinha,Brazil,"22°59'23.7""S 43°14'52.0""W",,South America,,,,,,,,,,,,,,,,,,,,,,,,,,,,,,,,,,,,,,,,,,,,,,,,,,,,,,,,,,,,,,,,,,,,,,,,,,,,,,,,,,,,,,,,,,,,,,,,,
Morro da Serrinha,Brazil,"22°52'00.5""S 43°18'58.9""W",,South America,,,,,,,,,,,,,,,,,,,,,,,,,,,,,,,,,,,,,,,,,,,,,,,,,,,,,,,,,,,,,,,,,,,,,,,,,,,,,,,,,,,,,,,,,,,,,,,,,
Vidigal,Brazil,"22°59'42.3""S 43°14'18.2""W",,South America,,,,,,,,,,,,,,,,,,,,,,,,,,,,,,,,,,,,,,,,,,,,,,,,,,,,,,,,,,,,,,,,,,,,,,,,,,,,,,,,,,,,,,,,,,,,,,,,,
Vigário Geral,Brazil,"22°48'39.2""S 43°18'50.1""W",,South America,,,,,,,,,,,,,,,,,,,,,,,,,,,,,,,,,,,,,,,,,,,,,,,,,,,,,,,,,,,,,,,,,,,,,,,,,,,,,,,,,,,,,,,,,,,,,,,,,
Heliópolis,Brazil,"22°44'22.4""S 43°24'59.2""W",,South America,,,,,,,,,,,,,,,,,,,,,,,,,,,,,,,,,,,,,,,,,,,,,,,,,,,,,,,,,,,,,,,,,,,,,,,,,,,,,,,,,,,,,,,,,,,,,,,,,
Paraisópolis,Brazil,"23°36'58.4""S 46°43'31.8""W",,South America,,,,,,,,,,,,,,,,,,,,,,,,,,,,,,,,,,,,,,,,,,,,,,,,,,,,,,,,,,,,,,,,,,,,,,,,,,,,,,,,,,,,,,,,,,,,,,,,,
Ilha das Cobras - Vila Prudente,Brazil,"23°35'05.1""S 46°35'24.9""W",,South America,,,,,,,,,,,,,,,,,,,,,,,,,,,,,,,,,,,,,,,,,,,,,,,,,,,,,,,,,,,,,,,,,,,,,,,,,,,,,,,,,,,,,,,,,,,,,,,,,
Ciudad Bolívar,Colombia,"4°33'05.8""N 74°08'30.5""W",,South America,,,,,,,,,,,,,,,,,,,,,,,,,,,,,,,,,,,,,,,,,,,,,,,,,,,,,,,,,,,,,,,,,,,,,,,,,,,,,,,,,,,,,,,,,,,,,,,,,
Comas,Peru,"11°56'39.2""S 77°01'32.9""W",,South America,,,,,,,,,,,,,,,,,,,,,,,,,,,,,,,,,,,,,,,,,,,,,,,,,,,,,,,,,,,,,,,,,,,,,,,,,,,,,,,,,,,,,,,,,,,,,,,,,
Comas,Peru,"11°56'37.0""S 77°01'47.9""W",,South America,,,,,,,,,,,,,,,,,,,,,,,,,,,,,,,,,,,,,,,,,,,,,,,,,,,,,,,,,,,,,,,,,,,,,,,,,,,,,,,,,,,,,,,,,,,,,,,,,
Villa El Salvador,Peru,"12°13'56.6""S 76°56'38.6""W",,South America,,,,,,,,,,,,,,,,,,,,,,,,,,,,,,,,,,,,,,,,,,,,,,,,,,,,,,,,,,,,,,,,,,,,,,,,,,,,,,,,,,,,,,,,,,,,,,,,,
San Juan de Lurigancho,Peru,"12°00'08.1""S 76°59'07.8""W",,South America,,,,,,,,,,,,,,,,,,,,,,,,,,,,,,,,,,,,,,,,,,,,,,,,,,,,,,,,,,,,,,,,,,,,,,,,,,,,,,,,,,,,,,,,,,,,,,,,,
San Juan de Lurigancho,Peru,"12°00'39.3""S 76°57'49.3""W",,South America,,,,,,,,,,,,,,,,,,,,,,,,,,,,,,,,,,,,,,,,,,,,,,,,,,,,,,,,,,,,,,,,,,,,,,,,,,,,,,,,,,,,,,,,,,,,,,,,,
Miguel Peña Parish,Venezuela,"10°09'10.1""N 68°00'37.4""W",,South America,,,,,,,,,,,,,,,,,,,,,,,,,,,,,,,,,,,,,,,,,,,,,,,,,,,,,,,,,,,,,,,,,,,,,,,,,,,,,,,,,,,,,,,,,,,,,,,,,
"Libertador Bolivarian Municipality, Caracas",Venezuela,"10°25'48.2""N 66°55'37.6""W",,South America,,,,,,,,,,,,,,,,,,,,,,,,,,,,,,,,,,,,,,,,,,,,,,,,,,,,,,,,,,,,,,,,,,,,,,,,,,,,,,,,,,,,,,,,,,,,,,,,,
"Libertador Bolivarian Municipality, Caracas",Venezuela,"10°25'24.8""N 67°00'11.4""W",,South America,,,,,,,,,,,,,,,,,,,,,,,,,,,,,,,,,,,,,,,,,,,,,,,,,,,,,,,,,,,,,,,,,,,,,,,,,,,,,,,,,,,,,,,,,,,,,,,,,
"Libertador Bolivarian Municipality, Caracas",Venezuela,"10°25'19.6""N 67°00'58.0""W",,South America,,,,,,,,,,,,,,,,,,,,,,,,,,,,,,,,,,,,,,,,,,,,,,,,,,,,,,,,,,,,,,,,,,,,,,,,,,,,,,,,,,,,,,,,,,,,,,,,,
"Libertador Bolivarian Municipality, Caracas",Venezuela,"10°28'27.4""N 66°58'31.4""W",,South America,,,,,,,,,,,,,,,,,,,,,,,,,,,,,,,,,,,,,,,,,,,,,,,,,,,,,,,,,,,,,,,,,,,,,,,,,,,,,,,,,,,,,,,,,,,,,,,,,
"Libertador Bolivarian Municipality, Caracas",Venezuela,"10°30'02.0""N 66°56'37.9""W",,South America,,,,,,,,,,,,,,,,,,,,,,,,,,,,,,,,,,,,,,,,,,,,,,,,,,,,,,,,,,,,,,,,,,,,,,,,,,,,,,,,,,,,,,,,,,,,,,,,,
"Libertador Bolivarian Municipality, Caracas",Venezuela,"10°31'13.8""N 66°55'40.0""W",,South America,,,,,,,,,,,,,,,,,,,,,,,,,,,,,,,,,,,,,,,,,,,,,,,,,,,,,,,,,,,,,,,,,,,,,,,,,,,,,,,,,,,,,,,,,,,,,,,,,